Weight	Nested	Procedure	subjectID	event_code	block_nr	block_outcome	block_wiggleroom	sequence_nr	sequence_difficulty	sequence_feedback	sequence_feedback_scaled	trial_nr	trial_difficulty	color	correct_response
1		gridBlockStartProc	36	1	1	1	1	0	0	0	0	0	0	0	0
1		gridSequenceStartProc	36	3	1	1	1	1	0.31545454545454543	0	0	0	0	0	0
1		gridTrialProc	36	5	1	1	1	1	0.31545454545454543	0	0	1	0.5153324958624987	1	6
1		gridTrialProc	36	5	1	1	1	1	0.31545454545454543	0	0	2	0.305804088269538	2	6
1		gridTrialProc	36	5	1	1	1	1	0.31545454545454543	0	0	3	0.34351422345736066	2	6
1		gridTrialProc	36	5	1	1	1	1	0.31545454545454543	0	0	4	0.24989607678291575	1	4
1		gridTrialProc	36	5	1	1	1	1	0.31545454545454543	0	0	5	0.28216826651562044	2	6
1		gridTrialProc	36	5	1	1	1	1	0.31545454545454543	0	0	6	0.3337506166535131	2	6
1		gridTrialProc	36	5	1	1	1	1	0.31545454545454543	0	0	7	0.3676153701861756	2	6
1		gridTrialProc	36	5	1	1	1	1	0.31545454545454543	0	0	8	0.39329848468736356	2	6
1		gridSequenceEndProc	36	4	1	1	1	1	0.31545454545454543	0.5982019280578333	0.5982019280578333	0	0	0	0
1		gridSequenceStartProc	36	3	1	1	1	2	0.25	0	0	0	0	0	0
1		gridTrialProc	36	5	1	1	1	2	0.25	0	0	1	0.3214738449945074	1	4
1		gridTrialProc	36	5	1	1	1	2	0.25	0	0	2	0.23532177366725338	1	4
1		gridTrialProc	36	5	1	1	1	2	0.25	0	0	3	0.1986004402513972	2	6
1		gridTrialProc	36	5	1	1	1	2	0.25	0	0	4	0.2369219688128671	1	4
1		gridTrialProc	36	5	1	1	1	2	0.25	0	0	5	0.29233320528443385	2	6
1		gridTrialProc	36	5	1	1	1	2	0.25	0	0	6	0.17581713855927295	1	4
1		gridTrialProc	36	5	1	1	1	2	0.25	0	0	7	0.1727670506809152	1	4
1		gridTrialProc	36	5	1	1	1	2	0.25	0	0	8	0.30832644585285796	2	6
1		gridSequenceEndProc	36	4	1	1	1	2	0.25	0.8174692783032012	0.7078356031805173	0	0	0	0
1		gridSequenceStartProc	36	3	1	1	1	3	0.4027272727272727	0	0	0	0	0	0
1		gridTrialProc	36	5	1	1	1	3	0.4027272727272727	0	0	1	0.4387003722064886	2	6
1		gridTrialProc	36	5	1	1	1	3	0.4027272727272727	0	0	2	0.3161818598612711	1	4
1		gridTrialProc	36	5	1	1	1	3	0.4027272727272727	0	0	3	0.38494301414830934	2	6
1		gridTrialProc	36	5	1	1	1	3	0.4027272727272727	0	0	4	0.3329615543405453	2	6
1		gridTrialProc	36	5	1	1	1	3	0.4027272727272727	0	0	5	0.569106799909926	1	6
1		gridTrialProc	36	5	1	1	1	3	0.4027272727272727	0	0	6	0.4491700536783688	2	6
1		gridTrialProc	36	5	1	1	1	3	0.4027272727272727	0	0	7	0.47597709402577704	1	4
1		gridTrialProc	36	5	1	1	1	3	0.4027272727272727	0	0	8	0.30552650894504013	1	4
1		gridSequenceEndProc	36	4	1	1	1	3	0.4027272727272727	0.3717009674248438	0.5957907245952928	0	0	0	0
1		gridSequenceStartProc	36	3	1	1	1	4	0.27181818181818185	0	0	0	0	0	0
1		gridTrialProc	36	5	1	1	1	4	0.27181818181818185	0	0	1	0.2816353192865645	1	4
1		gridTrialProc	36	5	1	1	1	4	0.27181818181818185	0	0	2	0.2580334833754217	2	6
1		gridTrialProc	36	5	1	1	1	4	0.27181818181818185	0	0	3	0.27086676792167624	1	4
1		gridTrialProc	36	5	1	1	1	4	0.27181818181818185	0	0	4	0.2547970362725545	2	6
1		gridTrialProc	36	5	1	1	1	4	0.27181818181818185	0	0	5	0.22198408917006646	1	4
1		gridTrialProc	36	5	1	1	1	4	0.27181818181818185	0	0	6	0.24313842513041312	2	6
1		gridTrialProc	36	5	1	1	1	4	0.27181818181818185	0	0	7	0.2059650380318072	2	6
1		gridTrialProc	36	5	1	1	1	4	0.27181818181818185	0	0	8	0.1495210001622396	1	4
1		gridSequenceEndProc	36	4	1	1	1	4	0.27181818181818185	0.7818179030117001	0.6422975191993947	0	0	0	0
1		gridSequenceStartProc	36	3	1	1	1	5	0.3809090909090909	0	0	0	0	0	0
1		gridTrialProc	36	5	1	1	1	5	0.3809090909090909	0	0	1	0.324579323112239	1	4
1		gridTrialProc	36	5	1	1	1	5	0.3809090909090909	0	0	2	0.4335766620979229	1	4
1		gridTrialProc	36	5	1	1	1	5	0.3809090909090909	0	0	3	0.3172426743868817	1	4
1		gridTrialProc	36	5	1	1	1	5	0.3809090909090909	0	0	4	0.2836162644192799	1	4
1		gridTrialProc	36	5	1	1	1	5	0.3809090909090909	0	0	5	0.3332215306947089	2	6
1		gridTrialProc	36	5	1	1	1	5	0.3809090909090909	0	0	6	0.46221911779736324	2	6
1		gridTrialProc	36	5	1	1	1	5	0.3809090909090909	0	0	7	0.48359835593491696	2	6
1		gridTrialProc	36	5	1	1	1	5	0.3809090909090909	0	0	8	0.3392747186993821	1	4
1		gridSequenceEndProc	36	4	1	1	1	5	0.3809090909090909	0.4451267132607768	0.6028633580116711	0	0	0	0
1		gridSequenceStartProc	36	3	1	1	1	6	0.4681818181818182	0	0	0	0	0	0
1		gridTrialProc	36	5	1	1	1	6	0.4681818181818182	0	0	1	0.4721165944925544	2	6
1		gridTrialProc	36	5	1	1	1	6	0.4681818181818182	0	0	2	0.4490347828990288	1	4
1		gridTrialProc	36	5	1	1	1	6	0.4681818181818182	0	0	3	0.29208745499713884	1	4
1		gridTrialProc	36	5	1	1	1	6	0.4681818181818182	0	0	4	0.4018096002860241	1	4
1		gridTrialProc	36	5	1	1	1	6	0.4681818181818182	0	0	5	0.43382947643249153	1	4
1		gridTrialProc	36	5	1	1	1	6	0.4681818181818182	0	0	6	0.32621594015069133	1	4
1		gridTrialProc	36	5	1	1	1	6	0.4681818181818182	0	0	7	0.5531832857620812	2	4
1		gridTrialProc	36	5	1	1	1	6	0.4681818181818182	0	0	8	0.35727646798392476	2	6
1		gridSequenceEndProc	36	4	1	1	1	6	0.4681818181818182	0.026806131855807935	0.5068538203190273	0	0	0	0
1		gridSequenceStartProc	36	3	1	1	1	7	0.3372727272727273	0	0	0	0	0	0
1		gridTrialProc	36	5	1	1	1	7	0.3372727272727273	0	0	1	0.2867581179471246	2	6
1		gridTrialProc	36	5	1	1	1	7	0.3372727272727273	0	0	2	0.33535751259054264	2	6
1		gridTrialProc	36	5	1	1	1	7	0.3372727272727273	0	0	3	0.35732857786517636	2	6
1		gridTrialProc	36	5	1	1	1	7	0.3372727272727273	0	0	4	0.45194066923478415	2	6
1		gridTrialProc	36	5	1	1	1	7	0.3372727272727273	0	0	5	0.4275347037005882	2	6
1		gridTrialProc	36	5	1	1	1	7	0.3372727272727273	0	0	6	0.22590540139929444	1	4
1		gridTrialProc	36	5	1	1	1	7	0.3372727272727273	0	0	7	0.2677429634463044	1	4
1		gridTrialProc	36	5	1	1	1	7	0.3372727272727273	0	0	8	0.24992234680594963	1	4
1		gridSequenceEndProc	36	4	1	1	1	7	0.3372727272727273	0.5960485982232677	0.5195959314482045	0	0	0	0
1		gridSequenceStartProc	36	3	1	1	1	8	0.42454545454545456	0	0	0	0	0	0
1		gridTrialProc	36	5	1	1	1	8	0.42454545454545456	0	0	1	0.5500319354800112	2	4
1		gridTrialProc	36	5	1	1	1	8	0.42454545454545456	0	0	2	0.2683926364943465	1	4
1		gridTrialProc	36	5	1	1	1	8	0.42454545454545456	0	0	3	0.4007297977677458	1	4
1		gridTrialProc	36	5	1	1	1	8	0.42454545454545456	0	0	4	0.628798943335565	1	6
1		gridTrialProc	36	5	1	1	1	8	0.42454545454545456	0	0	5	0.4953334391404853	1	4
1		gridTrialProc	36	5	1	1	1	8	0.42454545454545456	0	0	6	0.4658337083961343	2	6
1		gridTrialProc	36	5	1	1	1	8	0.42454545454545456	0	0	7	0.408635750552521	2	6
1		gridTrialProc	36	5	1	1	1	8	0.42454545454545456	0	0	8	0.4824548881646909	1	4
1		gridSequenceEndProc	36	4	1	1	1	8	0.42454545454545456	0.340401220902814	0.4971965926300306	0	0	0	0
1		gridSequenceStartProc	36	3	1	1	1	9	0.44636363636363635	0	0	0	0	0	0
1		gridTrialProc	36	5	1	1	1	9	0.44636363636363635	0	0	1	0.47901171251849506	2	6
1		gridTrialProc	36	5	1	1	1	9	0.44636363636363635	0	0	2	0.2568521785693556	2	6
1		gridTrialProc	36	5	1	1	1	9	0.44636363636363635	0	0	3	0.42665801992555047	1	4
1		gridTrialProc	36	5	1	1	1	9	0.44636363636363635	0	0	4	0.45136969541696575	2	6
1		gridTrialProc	36	5	1	1	1	9	0.44636363636363635	0	0	5	0.47311208990211034	2	6
1		gridTrialProc	36	5	1	1	1	9	0.44636363636363635	0	0	6	0.4570523139478999	2	6
1		gridTrialProc	36	5	1	1	1	9	0.44636363636363635	0	0	7	0.4305709394117661	2	6
1		gridTrialProc	36	5	1	1	1	9	0.44636363636363635	0	0	8	0.447358970525961	2	6
1		gridSequenceEndProc	36	4	1	1	1	9	0.44636363636363635	0.18373956751771692	0.462368034284218	0	0	0	0
1		gridSequenceStartProc	36	3	1	1	1	10	0.3590909090909091	0	0	0	0	0	0
1		gridTrialProc	36	5	1	1	1	10	0.3590909090909091	0	0	1	0.392723180057553	2	6
1		gridTrialProc	36	5	1	1	1	10	0.3590909090909091	0	0	2	0.2833061361208158	1	4
1		gridTrialProc	36	5	1	1	1	10	0.3590909090909091	0	0	3	0.5421099716393936	2	4
1		gridTrialProc	36	5	1	1	1	10	0.3590909090909091	0	0	4	0.4041547505795259	2	6
1		gridTrialProc	36	5	1	1	1	10	0.3590909090909091	0	0	5	0.433559709689113	1	4
1		gridTrialProc	36	5	1	1	1	10	0.3590909090909091	0	0	6	0.3468076993035772	2	6
1		gridTrialProc	36	5	1	1	1	10	0.3590909090909091	0	0	7	0.43993728513138547	1	4
1		gridTrialProc	36	5	1	1	1	10	0.3590909090909091	0	0	8	0.3116043033691336	1	4
1		gridSequenceEndProc	36	4	1	1	1	10	0.3590909090909091	0.5408448482154273	0.47021571567733894	0	0	0	0
1		gridSequenceStartProc	36	3	1	1	1	11	0.29363636363636364	0	0	0	0	0	0
1		gridTrialProc	36	5	1	1	1	11	0.29363636363636364	0	0	1	0.25117090147730325	2	6
1		gridTrialProc	36	5	1	1	1	11	0.29363636363636364	0	0	2	0.4273551919662069	2	6
1		gridTrialProc	36	5	1	1	1	11	0.29363636363636364	0	0	3	0.2993099894446345	2	6
1		gridTrialProc	36	5	1	1	1	11	0.29363636363636364	0	0	4	0.20766961022379452	2	6
1		gridTrialProc	36	5	1	1	1	11	0.29363636363636364	0	0	5	0.3264659123741033	2	6
1		gridTrialProc	36	5	1	1	1	11	0.29363636363636364	0	0	6	0.40944589453210645	2	6
1		gridTrialProc	36	5	1	1	1	11	0.29363636363636364	0	0	7	0.38805319458020415	1	4
1		gridTrialProc	36	5	1	1	1	11	0.29363636363636364	0	0	8	0.2979294854157089	1	4
1		gridSequenceEndProc	36	4	1	1	1	11	0.29363636363636364	0.6009801356031896	0.4821033902160527	0	0	0	0
1		gridSequenceStartProc	36	3	1	1	1	12	0.49	0	0	0	0	0	0
1		gridTrialProc	36	5	1	1	1	12	0.49	0	0	1	0.4466140774835331	2	6
1		gridTrialProc	36	5	1	1	1	12	0.49	0	0	2	0.3884201658928334	1	4
1		gridTrialProc	36	5	1	1	1	12	0.49	0	0	3	0.44415751183993285	2	6
1		gridTrialProc	36	5	1	1	1	12	0.49	0	0	4	0.4818746284466265	1	4
1		gridTrialProc	36	5	1	1	1	12	0.49	0	0	5	0.4771240644308858	2	6
1		gridTrialProc	36	5	1	1	1	12	0.49	0	0	6	0.44432778449409516	1	4
1		gridTrialProc	36	5	1	1	1	12	0.49	0	0	7	0.39341815975694405	1	4
1		gridTrialProc	36	5	1	1	1	12	0.49	0	0	8	0.5225847583305372	1	6
1		gridSequenceEndProc	36	4	1	1	1	12	0.49	-0.3963611404338323	0.4088980126618956	0	0	0	0
1		gridBlockEndProc	36	2	1	1	1	0	0	0	0	0	0	0	0
1		gridBlockStartProc	36	1	2	-1	0	0	0	0	0	0	0	0	0
1		gridSequenceStartProc	36	3	2	-1	0	1	0.25	0	0	0	0	0	0
1		gridTrialProc	36	5	2	-1	0	1	0.25	0	0	1	0.3081554785651517	1	4
1		gridTrialProc	36	5	2	-1	0	1	0.25	0	0	2	0.36269323982756796	2	6
1		gridTrialProc	36	5	2	-1	0	1	0.25	0	0	3	0.4313686296804823	1	4
1		gridTrialProc	36	5	2	-1	0	1	0.25	0	0	4	0.28905926408557236	1	4
1		gridTrialProc	36	5	2	-1	0	1	0.25	0	0	5	0.270401079417283	2	6
1		gridTrialProc	36	5	2	-1	0	1	0.25	0	0	6	0.17177339860069404	2	6
1		gridTrialProc	36	5	2	-1	0	1	0.25	0	0	7	0.22933067930099815	2	6
1		gridTrialProc	36	5	2	-1	0	1	0.25	0	0	8	0.19485018357100836	2	6
1		gridSequenceEndProc	36	4	2	-1	0	1	0.25	0.4340777536431656	0.4340777536431656	0	0	0	0
1		gridSequenceStartProc	36	3	2	-1	0	2	0.27181818181818185	0	0	0	0	0	0
1		gridTrialProc	36	5	2	-1	0	2	0.27181818181818185	0	0	1	0.3111833472812881	1	4
1		gridTrialProc	36	5	2	-1	0	2	0.27181818181818185	0	0	2	0.3495123137052874	1	4
1		gridTrialProc	36	5	2	-1	0	2	0.27181818181818185	0	0	3	0.3558984267398419	1	4
1		gridTrialProc	36	5	2	-1	0	2	0.27181818181818185	0	0	4	0.3328497350717651	2	6
1		gridTrialProc	36	5	2	-1	0	2	0.27181818181818185	0	0	5	0.15591594932324898	1	4
1		gridTrialProc	36	5	2	-1	0	2	0.27181818181818185	0	0	6	0.2824165209755257	2	6
1		gridTrialProc	36	5	2	-1	0	2	0.27181818181818185	0	0	7	0.3512031225376249	1	4
1		gridTrialProc	36	5	2	-1	0	2	0.27181818181818185	0	0	8	0.3648182203768066	2	6
1		gridSequenceEndProc	36	4	2	-1	0	2	0.27181818181818185	0.320066771850528	0.3770722627468468	0	0	0	0
1		gridSequenceStartProc	36	3	2	-1	0	3	0.44636363636363635	0	0	0	0	0	0
1		gridTrialProc	36	5	2	-1	0	3	0.44636363636363635	0	0	1	0.453565158298602	2	6
1		gridTrialProc	36	5	2	-1	0	3	0.44636363636363635	0	0	2	0.4397554813208174	1	4
1		gridTrialProc	36	5	2	-1	0	3	0.44636363636363635	0	0	3	0.40160525168277156	2	6
1		gridTrialProc	36	5	2	-1	0	3	0.44636363636363635	0	0	4	0.46475823025129803	2	6
1		gridTrialProc	36	5	2	-1	0	3	0.44636363636363635	0	0	5	0.5243227087508202	2	4
1		gridTrialProc	36	5	2	-1	0	3	0.44636363636363635	0	0	6	0.37275314901803513	2	6
1		gridTrialProc	36	5	2	-1	0	3	0.44636363636363635	0	0	7	0.5499546469641164	2	4
1		gridTrialProc	36	5	2	-1	0	3	0.44636363636363635	0	0	8	0.5084436479989239	2	4
1		gridSequenceEndProc	36	4	2	-1	0	3	0.44636363636363635	-0.27710121748189853	0.1590144360039317	0	0	0	0
1		gridSequenceStartProc	36	3	2	-1	0	4	0.49	0	0	0	0	0	0
1		gridTrialProc	36	5	2	-1	0	4	0.49	0	0	1	0.4096120487530316	2	6
1		gridTrialProc	36	5	2	-1	0	4	0.49	0	0	2	0.5092147256100586	1	6
1		gridTrialProc	36	5	2	-1	0	4	0.49	0	0	3	0.5528829134283977	1	6
1		gridTrialProc	36	5	2	-1	0	4	0.49	0	0	4	0.4038958620999157	2	6
1		gridTrialProc	36	5	2	-1	0	4	0.49	0	0	5	0.41773984991669266	2	6
1		gridTrialProc	36	5	2	-1	0	4	0.49	0	0	6	0.49173913295148697	2	6
1		gridTrialProc	36	5	2	-1	0	4	0.49	0	0	7	0.400833458550368	2	6
1		gridTrialProc	36	5	2	-1	0	4	0.49	0	0	8	0.4101390894905602	1	4
1		gridSequenceEndProc	36	4	2	-1	0	4	0.49	-0.47864705504014493	-0.0004009367570874667	0	0	0	0
1		gridSequenceStartProc	36	3	2	-1	0	5	0.42454545454545456	0	0	0	0	0	0
1		gridTrialProc	36	5	2	-1	0	5	0.42454545454545456	0	0	1	0.4905083204914793	2	6
1		gridTrialProc	36	5	2	-1	0	5	0.42454545454545456	0	0	2	0.4388811458363647	2	6
1		gridTrialProc	36	5	2	-1	0	5	0.42454545454545456	0	0	3	0.4116261073145725	2	6
1		gridTrialProc	36	5	2	-1	0	5	0.42454545454545456	0	0	4	0.3579583851700883	1	4
1		gridTrialProc	36	5	2	-1	0	5	0.42454545454545456	0	0	5	0.27239972322669	1	4
1		gridTrialProc	36	5	2	-1	0	5	0.42454545454545456	0	0	6	0.42279106627895907	1	4
1		gridTrialProc	36	5	2	-1	0	5	0.42454545454545456	0	0	7	0.4991361268261332	1	4
1		gridTrialProc	36	5	2	-1	0	5	0.42454545454545456	0	0	8	0.3350354368699162	1	4
1		gridSequenceEndProc	36	4	2	-1	0	5	0.42454545454545456	-0.2599479595769516	-0.05231034132106029	0	0	0	0
1		gridSequenceStartProc	36	3	2	-1	0	6	0.3809090909090909	0	0	0	0	0	0
1		gridTrialProc	36	5	2	-1	0	6	0.3809090909090909	0	0	1	0.42609737801716957	2	6
1		gridTrialProc	36	5	2	-1	0	6	0.3809090909090909	0	0	2	0.43747524543985455	2	6
1		gridTrialProc	36	5	2	-1	0	6	0.3809090909090909	0	0	3	0.41263880400644193	2	6
1		gridTrialProc	36	5	2	-1	0	6	0.3809090909090909	0	0	4	0.43164873762034334	2	6
1		gridTrialProc	36	5	2	-1	0	6	0.3809090909090909	0	0	5	0.4100106558247024	2	6
1		gridTrialProc	36	5	2	-1	0	6	0.3809090909090909	0	0	6	0.37684380064663353	1	4
1		gridTrialProc	36	5	2	-1	0	6	0.3809090909090909	0	0	7	0.29923848948051995	1	4
1		gridTrialProc	36	5	2	-1	0	6	0.3809090909090909	0	0	8	0.35819010921311256	2	6
1		gridSequenceEndProc	36	4	2	-1	0	6	0.3809090909090909	-0.09917986789196953	-0.0601219290828785	0	0	0	0
1		gridSequenceStartProc	36	3	2	-1	0	7	0.4027272727272727	0	0	0	0	0	0
1		gridTrialProc	36	5	2	-1	0	7	0.4027272727272727	0	0	1	0.47645737519521386	1	4
1		gridTrialProc	36	5	2	-1	0	7	0.4027272727272727	0	0	2	0.46280717600791355	2	6
1		gridTrialProc	36	5	2	-1	0	7	0.4027272727272727	0	0	3	0.3434385241055705	2	6
1		gridTrialProc	36	5	2	-1	0	7	0.4027272727272727	0	0	4	0.4151709580926119	1	4
1		gridTrialProc	36	5	2	-1	0	7	0.4027272727272727	0	0	5	0.403038911400347	2	6
1		gridTrialProc	36	5	2	-1	0	7	0.4027272727272727	0	0	6	0.352870064404405	2	6
1		gridTrialProc	36	5	2	-1	0	7	0.4027272727272727	0	0	7	0.5058282192964865	1	6
1		gridTrialProc	36	5	2	-1	0	7	0.4027272727272727	0	0	8	0.6141720434049244	2	4
1		gridSequenceEndProc	36	4	2	-1	0	7	0.4027272727272727	-0.10509274247717193	-0.06654633099634899	0	0	0	0
1		gridSequenceStartProc	36	3	2	-1	0	8	0.3372727272727273	0	0	0	0	0	0
1		gridTrialProc	36	5	2	-1	0	8	0.3372727272727273	0	0	1	0.30702540182631655	2	6
1		gridTrialProc	36	5	2	-1	0	8	0.3372727272727273	0	0	2	0.2786625960684974	1	4
1		gridTrialProc	36	5	2	-1	0	8	0.3372727272727273	0	0	3	0.14744565100138482	2	6
1		gridTrialProc	36	5	2	-1	0	8	0.3372727272727273	0	0	4	0.3345110188178879	2	6
1		gridTrialProc	36	5	2	-1	0	8	0.3372727272727273	0	0	5	0.47257119759684385	1	4
1		gridTrialProc	36	5	2	-1	0	8	0.3372727272727273	0	0	6	0.3896230191077006	2	6
1		gridTrialProc	36	5	2	-1	0	8	0.3372727272727273	0	0	7	0.28546032740189503	2	6
1		gridTrialProc	36	5	2	-1	0	8	0.3372727272727273	0	0	8	0.3574730348771769	1	4
1		gridSequenceEndProc	36	4	2	-1	0	8	0.3372727272727273	0.04556584059419322	-0.052532309547531214	0	0	0	0
1		gridSequenceStartProc	36	3	2	-1	0	9	0.29363636363636364	0	0	0	0	0	0
1		gridTrialProc	36	5	2	-1	0	9	0.29363636363636364	0	0	1	0.29796266565122487	1	4
1		gridTrialProc	36	5	2	-1	0	9	0.29363636363636364	0	0	2	0.2698007289973826	2	6
1		gridTrialProc	36	5	2	-1	0	9	0.29363636363636364	0	0	3	0.2552217288380362	1	4
1		gridTrialProc	36	5	2	-1	0	9	0.29363636363636364	0	0	4	0.18711481670421765	1	4
1		gridTrialProc	36	5	2	-1	0	9	0.29363636363636364	0	0	5	0.3854142534171747	1	4
1		gridTrialProc	36	5	2	-1	0	9	0.29363636363636364	0	0	6	0.26318615114232935	2	6
1		gridTrialProc	36	5	2	-1	0	9	0.29363636363636364	0	0	7	0.18451533257893266	1	4
1		gridTrialProc	36	5	2	-1	0	9	0.29363636363636364	0	0	8	0.33419461031859565	1	4
1		gridSequenceEndProc	36	4	2	-1	0	9	0.29363636363636364	0.2934645882676059	-0.014088209790293757	0	0	0	0
1		gridSequenceStartProc	36	3	2	-1	0	10	0.3590909090909091	0	0	0	0	0	0
1		gridTrialProc	36	5	2	-1	0	10	0.3590909090909091	0	0	1	0.3149926287375443	1	4
1		gridTrialProc	36	5	2	-1	0	10	0.3590909090909091	0	0	2	0.2619604116964651	2	6
1		gridTrialProc	36	5	2	-1	0	10	0.3590909090909091	0	0	3	0.32396874460600833	1	4
1		gridTrialProc	36	5	2	-1	0	10	0.3590909090909091	0	0	4	0.4861066651010985	2	6
1		gridTrialProc	36	5	2	-1	0	10	0.3590909090909091	0	0	5	0.284471559083174	2	6
1		gridTrialProc	36	5	2	-1	0	10	0.3590909090909091	0	0	6	0.33654387459373014	2	6
1		gridTrialProc	36	5	2	-1	0	10	0.3590909090909091	0	0	7	0.4354265801252457	2	6
1		gridTrialProc	36	5	2	-1	0	10	0.3590909090909091	0	0	8	0.22608126540797294	1	4
1		gridSequenceEndProc	36	4	2	-1	0	10	0.3590909090909091	-0.01867194297707997	-0.014546583108972378	0	0	0	0
1		gridSequenceStartProc	36	3	2	-1	0	11	0.31545454545454543	0	0	0	0	0	0
1		gridTrialProc	36	5	2	-1	0	11	0.31545454545454543	0	0	1	0.3388991299317753	2	6
1		gridTrialProc	36	5	2	-1	0	11	0.31545454545454543	0	0	2	0.3804144004551949	1	4
1		gridTrialProc	36	5	2	-1	0	11	0.31545454545454543	0	0	3	0.34872712437288084	2	6
1		gridTrialProc	36	5	2	-1	0	11	0.31545454545454543	0	0	4	0.32374614553995823	2	6
1		gridTrialProc	36	5	2	-1	0	11	0.31545454545454543	0	0	5	0.3852716316985861	2	6
1		gridTrialProc	36	5	2	-1	0	11	0.31545454545454543	0	0	6	0.3498212967575439	2	6
1		gridTrialProc	36	5	2	-1	0	11	0.31545454545454543	0	0	7	0.2065772772565789	1	4
1		gridTrialProc	36	5	2	-1	0	11	0.31545454545454543	0	0	8	0.36437285907247996	1	4
1		gridSequenceEndProc	36	4	2	-1	0	11	0.31545454545454543	0.10150728564286537	-0.003996231404259854	0	0	0	0
1		gridSequenceStartProc	36	3	2	-1	0	12	0.4681818181818182	0	0	0	0	0	0
1		gridTrialProc	36	5	2	-1	0	12	0.4681818181818182	0	0	1	0.5692264678674352	1	6
1		gridTrialProc	36	5	2	-1	0	12	0.4681818181818182	0	0	2	0.5153031933052787	2	4
1		gridTrialProc	36	5	2	-1	0	12	0.4681818181818182	0	0	3	0.47680294641529675	1	4
1		gridTrialProc	36	5	2	-1	0	12	0.4681818181818182	0	0	4	0.5928592347746444	2	4
1		gridTrialProc	36	5	2	-1	0	12	0.4681818181818182	0	0	5	0.5629044539083005	1	6
1		gridTrialProc	36	5	2	-1	0	12	0.4681818181818182	0	0	6	0.3995699470352418	1	4
1		gridTrialProc	36	5	2	-1	0	12	0.4681818181818182	0	0	7	0.5097761737717226	1	6
1		gridTrialProc	36	5	2	-1	0	12	0.4681818181818182	0	0	8	0.3479489078734151	1	4
1		gridSequenceEndProc	36	4	2	-1	0	12	0.4681818181818182	-0.4250156569718333	-0.03908118353489098	0	0	0	0
1		gridBlockEndProc	36	2	2	-1	0	0	0	0	0	0	0	0	0
1		gridBlockStartProc	36	1	3	1	0	0	0	0	0	0	0	0	0
1		gridSequenceStartProc	36	3	3	1	0	1	0.3809090909090909	0	0	0	0	0	0
1		gridTrialProc	36	5	3	1	0	1	0.3809090909090909	0	0	1	0.3321750104999765	1	4
1		gridTrialProc	36	5	3	1	0	1	0.3809090909090909	0	0	2	0.44168615324134863	1	4
1		gridTrialProc	36	5	3	1	0	1	0.3809090909090909	0	0	3	0.4421079998678486	2	6
1		gridTrialProc	36	5	3	1	0	1	0.3809090909090909	0	0	4	0.39849083040045913	1	4
1		gridTrialProc	36	5	3	1	0	1	0.3809090909090909	0	0	5	0.45848292168933363	1	4
1		gridTrialProc	36	5	3	1	0	1	0.3809090909090909	0	0	6	0.3390365165344737	1	4
1		gridTrialProc	36	5	3	1	0	1	0.3809090909090909	0	0	7	0.35434881044278443	1	4
1		gridTrialProc	36	5	3	1	0	1	0.3809090909090909	0	0	8	0.4080831911854025	1	4
1		gridSequenceEndProc	36	4	3	1	0	1	0.3809090909090909	-0.050177865308602465	-0.050177865308602465	0	0	0	0
1		gridSequenceStartProc	36	3	3	1	0	2	0.4681818181818182	0	0	0	0	0	0
1		gridTrialProc	36	5	3	1	0	2	0.4681818181818182	0	0	1	0.5983766223581142	1	6
1		gridTrialProc	36	5	3	1	0	2	0.4681818181818182	0	0	2	0.42735981123334243	2	6
1		gridTrialProc	36	5	3	1	0	2	0.4681818181818182	0	0	3	0.4579245234420165	1	4
1		gridTrialProc	36	5	3	1	0	2	0.4681818181818182	0	0	4	0.4892992341907424	2	6
1		gridTrialProc	36	5	3	1	0	2	0.4681818181818182	0	0	5	0.5461320997469875	1	6
1		gridTrialProc	36	5	3	1	0	2	0.4681818181818182	0	0	6	0.49681688820228687	1	4
1		gridTrialProc	36	5	3	1	0	2	0.4681818181818182	0	0	7	0.3953635952758161	2	6
1		gridTrialProc	36	5	3	1	0	2	0.4681818181818182	0	0	8	0.6859618028849624	1	6
1		gridSequenceEndProc	36	4	3	1	0	2	0.4681818181818182	-0.3365167598064527	-0.19334731255752757	0	0	0	0
1		gridSequenceStartProc	36	3	3	1	0	3	0.4027272727272727	0	0	0	0	0	0
1		gridTrialProc	36	5	3	1	0	3	0.4027272727272727	0	0	1	0.521132851586512	2	4
1		gridTrialProc	36	5	3	1	0	3	0.4027272727272727	0	0	2	0.4633969080935917	1	4
1		gridTrialProc	36	5	3	1	0	3	0.4027272727272727	0	0	3	0.17189589440461953	2	6
1		gridTrialProc	36	5	3	1	0	3	0.4027272727272727	0	0	4	0.30846551573097697	1	4
1		gridTrialProc	36	5	3	1	0	3	0.4027272727272727	0	0	5	0.2865899250293771	1	4
1		gridTrialProc	36	5	3	1	0	3	0.4027272727272727	0	0	6	0.37897997802195804	1	4
1		gridTrialProc	36	5	3	1	0	3	0.4027272727272727	0	0	7	0.4330817134619971	1	4
1		gridTrialProc	36	5	3	1	0	3	0.4027272727272727	0	0	8	0.3606554817987628	1	4
1		gridSequenceEndProc	36	4	3	1	0	3	0.4027272727272727	-0.11418349032509056	-0.1669593718133819	0	0	0	0
1		gridSequenceStartProc	36	3	3	1	0	4	0.3590909090909091	0	0	0	0	0	0
1		gridTrialProc	36	5	3	1	0	4	0.3590909090909091	0	0	1	0.46553781553351425	2	6
1		gridTrialProc	36	5	3	1	0	4	0.3590909090909091	0	0	2	0.21606680641510348	2	6
1		gridTrialProc	36	5	3	1	0	4	0.3590909090909091	0	0	3	0.24556235823939782	1	4
1		gridTrialProc	36	5	3	1	0	4	0.3590909090909091	0	0	4	0.3574956207694375	1	4
1		gridTrialProc	36	5	3	1	0	4	0.3590909090909091	0	0	5	0.40992265556745233	2	6
1		gridTrialProc	36	5	3	1	0	4	0.3590909090909091	0	0	6	0.33184807036784997	2	6
1		gridTrialProc	36	5	3	1	0	4	0.3590909090909091	0	0	7	0.37041749697027077	1	4
1		gridTrialProc	36	5	3	1	0	4	0.3590909090909091	0	0	8	0.20907916931326362	2	6
1		gridSequenceEndProc	36	4	3	1	0	4	0.3590909090909091	-0.011640181166279628	-0.12812957415160633	0	0	0	0
1		gridSequenceStartProc	36	3	3	1	0	5	0.29363636363636364	0	0	0	0	0	0
1		gridTrialProc	36	5	3	1	0	5	0.29363636363636364	0	0	1	0.2968727893327875	1	4
1		gridTrialProc	36	5	3	1	0	5	0.29363636363636364	0	0	2	0.3266265981280553	1	4
1		gridTrialProc	36	5	3	1	0	5	0.29363636363636364	0	0	3	0.23125153242368385	2	6
1		gridTrialProc	36	5	3	1	0	5	0.29363636363636364	0	0	4	0.36423127501602537	1	4
1		gridTrialProc	36	5	3	1	0	5	0.29363636363636364	0	0	5	0.3597566973378287	2	6
1		gridTrialProc	36	5	3	1	0	5	0.29363636363636364	0	0	6	0.25935833368954087	2	6
1		gridTrialProc	36	5	3	1	0	5	0.29363636363636364	0	0	7	0.36472020600649246	1	4
1		gridTrialProc	36	5	3	1	0	5	0.29363636363636364	0	0	8	0.4091534796397034	2	6
1		gridSequenceEndProc	36	4	3	1	0	5	0.29363636363636364	0.29025809336252695	-0.04445204064877968	0	0	0	0
1		gridSequenceStartProc	36	3	3	1	0	6	0.31545454545454543	0	0	0	0	0	0
1		gridTrialProc	36	5	3	1	0	6	0.31545454545454543	0	0	1	0.39263597606204204	1	4
1		gridTrialProc	36	5	3	1	0	6	0.31545454545454543	0	0	2	0.39143129031713625	1	4
1		gridTrialProc	36	5	3	1	0	6	0.31545454545454543	0	0	3	0.21184550839541333	1	4
1		gridTrialProc	36	5	3	1	0	6	0.31545454545454543	0	0	4	0.5164260952997362	1	6
1		gridTrialProc	36	5	3	1	0	6	0.31545454545454543	0	0	5	0.4542570518326936	2	6
1		gridTrialProc	36	5	3	1	0	6	0.31545454545454543	0	0	6	0.438640956458007	2	6
1		gridTrialProc	36	5	3	1	0	6	0.31545454545454543	0	0	7	0.3494585919321123	1	4
1		gridTrialProc	36	5	3	1	0	6	0.31545454545454543	0	0	8	0.35640387420470543	1	4
1		gridSequenceEndProc	36	4	3	1	0	6	0.31545454545454543	0.24973831512539457	0.004579685313582697	0	0	0	0
1		gridSequenceStartProc	36	3	3	1	0	7	0.42454545454545456	0	0	0	0	0	0
1		gridTrialProc	36	5	3	1	0	7	0.42454545454545456	0	0	1	0.46841016984522826	1	4
1		gridTrialProc	36	5	3	1	0	7	0.42454545454545456	0	0	2	0.35639707514587915	2	6
1		gridTrialProc	36	5	3	1	0	7	0.42454545454545456	0	0	3	0.5065895420565696	1	6
1		gridTrialProc	36	5	3	1	0	7	0.42454545454545456	0	0	4	0.4338179016125415	2	6
1		gridTrialProc	36	5	3	1	0	7	0.42454545454545456	0	0	5	0.5870613148003914	1	6
1		gridTrialProc	36	5	3	1	0	7	0.42454545454545456	0	0	6	0.29975080566117185	1	4
1		gridTrialProc	36	5	3	1	0	7	0.42454545454545456	0	0	7	0.4530323593988942	2	6
1		gridTrialProc	36	5	3	1	0	7	0.42454545454545456	0	0	8	0.2302190578298011	1	4
1		gridSequenceEndProc	36	4	3	1	0	7	0.42454545454545456	-0.17021401077131193	-0.020390842698545106	0	0	0	0
1		gridSequenceStartProc	36	3	3	1	0	8	0.25	0	0	0	0	0	0
1		gridTrialProc	36	5	3	1	0	8	0.25	0	0	1	0.183673767864701	1	4
1		gridTrialProc	36	5	3	1	0	8	0.25	0	0	2	0.2804023362558189	1	4
1		gridTrialProc	36	5	3	1	0	8	0.25	0	0	3	0.2547774770865356	2	6
1		gridTrialProc	36	5	3	1	0	8	0.25	0	0	4	0.2533970785751267	2	6
1		gridTrialProc	36	5	3	1	0	8	0.25	0	0	5	0.15330909189482383	2	6
1		gridTrialProc	36	5	3	1	0	8	0.25	0	0	6	0.29784763732117575	1	4
1		gridTrialProc	36	5	3	1	0	8	0.25	0	0	7	0.2420418220766656	2	6
1		gridTrialProc	36	5	3	1	0	8	0.25	0	0	8	0.3251073346264855	2	6
1		gridSequenceEndProc	36	4	3	1	0	8	0.25	0.5061583822904641	0.04542781042508104	0	0	0	0
1		gridSequenceStartProc	36	3	3	1	0	9	0.27181818181818185	0	0	0	0	0	0
1		gridTrialProc	36	5	3	1	0	9	0.27181818181818185	0	0	1	0.22780247834646278	2	6
1		gridTrialProc	36	5	3	1	0	9	0.27181818181818185	0	0	2	0.2490431880159854	2	6
1		gridTrialProc	36	5	3	1	0	9	0.27181818181818185	0	0	3	0.14263345745578454	1	4
1		gridTrialProc	36	5	3	1	0	9	0.27181818181818185	0	0	4	0.3707336737184501	2	6
1		gridTrialProc	36	5	3	1	0	9	0.27181818181818185	0	0	5	0.2617631473994626	1	4
1		gridTrialProc	36	5	3	1	0	9	0.27181818181818185	0	0	6	0.2680400341665867	1	4
1		gridTrialProc	36	5	3	1	0	9	0.27181818181818185	0	0	7	0.39084847741921835	1	4
1		gridTrialProc	36	5	3	1	0	9	0.27181818181818185	0	0	8	0.24481754179207652	2	6
1		gridSequenceEndProc	36	4	3	1	0	9	0.27181818181818185	0.3811306543602856	0.08272812641788155	0	0	0	0
1		gridSequenceStartProc	36	3	3	1	0	10	0.49	0	0	0	0	0	0
1		gridTrialProc	36	5	3	1	0	10	0.49	0	0	1	0.5693266909861772	1	6
1		gridTrialProc	36	5	3	1	0	10	0.49	0	0	2	0.548116209207405	1	6
1		gridTrialProc	36	5	3	1	0	10	0.49	0	0	3	0.5488879962188784	1	6
1		gridTrialProc	36	5	3	1	0	10	0.49	0	0	4	0.47686118104308206	2	6
1		gridTrialProc	36	5	3	1	0	10	0.49	0	0	5	0.47952104937485757	2	6
1		gridTrialProc	36	5	3	1	0	10	0.49	0	0	6	0.5510357575658373	2	4
1		gridTrialProc	36	5	3	1	0	10	0.49	0	0	7	0.4017132154443876	2	6
1		gridTrialProc	36	5	3	1	0	10	0.49	0	0	8	0.49353217857286974	2	6
1		gridSequenceEndProc	36	4	3	1	0	10	0.49	-0.46167759795480934	0.028287553980612456	0	0	0	0
1		gridSequenceStartProc	36	3	3	1	0	11	0.3372727272727273	0	0	0	0	0	0
1		gridTrialProc	36	5	3	1	0	11	0.3372727272727273	0	0	1	0.34725960769444914	1	4
1		gridTrialProc	36	5	3	1	0	11	0.3372727272727273	0	0	2	0.44795290383082653	1	4
1		gridTrialProc	36	5	3	1	0	11	0.3372727272727273	0	0	3	0.22943840835860474	1	4
1		gridTrialProc	36	5	3	1	0	11	0.3372727272727273	0	0	4	0.28357479227001453	2	6
1		gridTrialProc	36	5	3	1	0	11	0.3372727272727273	0	0	5	0.4528220866555872	1	4
1		gridTrialProc	36	5	3	1	0	11	0.3372727272727273	0	0	6	0.33429632115100205	1	4
1		gridTrialProc	36	5	3	1	0	11	0.3372727272727273	0	0	7	0.34962462327195676	2	6
1		gridTrialProc	36	5	3	1	0	11	0.3372727272727273	0	0	8	0.28818713391112216	2	6
1		gridSequenceEndProc	36	4	3	1	0	11	0.3372727272727273	0.12667277372375174	0.03723166486635239	0	0	0	0
1		gridSequenceStartProc	36	3	3	1	0	12	0.44636363636363635	0	0	0	0	0	0
1		gridTrialProc	36	5	3	1	0	12	0.44636363636363635	0	0	1	0.5189122055086554	1	6
1		gridTrialProc	36	5	3	1	0	12	0.44636363636363635	0	0	2	0.4955947345322069	1	4
1		gridTrialProc	36	5	3	1	0	12	0.44636363636363635	0	0	3	0.5754919656465727	2	4
1		gridTrialProc	36	5	3	1	0	12	0.44636363636363635	0	0	4	0.21954780423729817	2	6
1		gridTrialProc	36	5	3	1	0	12	0.44636363636363635	0	0	5	0.38498700730543284	1	4
1		gridTrialProc	36	5	3	1	0	12	0.44636363636363635	0	0	6	0.4623613541819269	2	6
1		gridTrialProc	36	5	3	1	0	12	0.44636363636363635	0	0	7	0.31016690164859767	1	4
1		gridTrialProc	36	5	3	1	0	12	0.44636363636363635	0	0	8	0.34783960894711574	1	4
1		gridSequenceEndProc	36	4	3	1	0	12	0.44636363636363635	-0.21064612825352708	0.016575182106362437	0	0	0	0
1		gridBlockEndProc	36	2	3	1	0	0	0	0	0	0	0	0	0
1		gridBlockStartProc	36	1	4	-1	1	0	0	0	0	0	0	0	0
1		gridSequenceStartProc	36	3	4	-1	1	1	0.44636363636363635	0	0	0	0	0	0
1		gridTrialProc	36	5	4	-1	1	1	0.44636363636363635	0	0	1	0.43443182349269827	2	6
1		gridTrialProc	36	5	4	-1	1	1	0.44636363636363635	0	0	2	0.500289096364173	1	6
1		gridTrialProc	36	5	4	-1	1	1	0.44636363636363635	0	0	3	0.6369396641989612	2	4
1		gridTrialProc	36	5	4	-1	1	1	0.44636363636363635	0	0	4	0.40250718728191265	2	6
1		gridTrialProc	36	5	4	-1	1	1	0.44636363636363635	0	0	5	0.41899317489865623	2	6
1		gridTrialProc	36	5	4	-1	1	1	0.44636363636363635	0	0	6	0.42548485530401514	2	6
1		gridTrialProc	36	5	4	-1	1	1	0.44636363636363635	0	0	7	0.47185931794639463	2	6
1		gridTrialProc	36	5	4	-1	1	1	0.44636363636363635	0	0	8	0.44924207430805435	2	6
1		gridSequenceEndProc	36	4	4	-1	1	1	0.44636363636363635	-0.7611435824577406	-0.7611435824577406	0	0	0	0
1		gridSequenceStartProc	36	3	4	-1	1	2	0.3372727272727273	0	0	0	0	0	0
1		gridTrialProc	36	5	4	-1	1	2	0.3372727272727273	0	0	1	0.3308809370728001	1	4
1		gridTrialProc	36	5	4	-1	1	2	0.3372727272727273	0	0	2	0.2886189346842504	2	6
1		gridTrialProc	36	5	4	-1	1	2	0.3372727272727273	0	0	3	0.3199749560870702	2	6
1		gridTrialProc	36	5	4	-1	1	2	0.3372727272727273	0	0	4	0.37316878051477076	2	6
1		gridTrialProc	36	5	4	-1	1	2	0.3372727272727273	0	0	5	0.3922603055388466	2	6
1		gridTrialProc	36	5	4	-1	1	2	0.3372727272727273	0	0	6	0.32963078787761946	1	4
1		gridTrialProc	36	5	4	-1	1	2	0.3372727272727273	0	0	7	0.28543798666947134	2	6
1		gridTrialProc	36	5	4	-1	1	2	0.3372727272727273	0	0	8	0.40484241445903985	1	4
1		gridSequenceEndProc	36	4	4	-1	1	2	0.3372727272727273	-0.40442358276266055	-0.5827835826102006	0	0	0	0
1		gridSequenceStartProc	36	3	4	-1	1	3	0.3809090909090909	0	0	0	0	0	0
1		gridTrialProc	36	5	4	-1	1	3	0.3809090909090909	0	0	1	0.4550238372556682	2	6
1		gridTrialProc	36	5	4	-1	1	3	0.3809090909090909	0	0	2	0.3853189994750435	2	6
1		gridTrialProc	36	5	4	-1	1	3	0.3809090909090909	0	0	3	0.4465918225101922	1	4
1		gridTrialProc	36	5	4	-1	1	3	0.3809090909090909	0	0	4	0.38184025511114417	1	4
1		gridTrialProc	36	5	4	-1	1	3	0.3809090909090909	0	0	5	0.46991480019297815	2	6
1		gridTrialProc	36	5	4	-1	1	3	0.3809090909090909	0	0	6	0.49946764435167795	1	4
1		gridTrialProc	36	5	4	-1	1	3	0.3809090909090909	0	0	7	0.469634727306071	2	6
1		gridTrialProc	36	5	4	-1	1	3	0.3809090909090909	0	0	8	0.33914786222531534	2	6
1		gridSequenceEndProc	36	4	4	-1	1	3	0.3809090909090909	-0.5220206815337549	-0.5625292822513853	0	0	0	0
1		gridSequenceStartProc	36	3	4	-1	1	4	0.49	0	0	0	0	0	0
1		gridTrialProc	36	5	4	-1	1	4	0.49	0	0	1	0.5118232054105664	2	4
1		gridTrialProc	36	5	4	-1	1	4	0.49	0	0	2	0.4948349754528697	2	6
1		gridTrialProc	36	5	4	-1	1	4	0.49	0	0	3	0.2918895814520829	1	4
1		gridTrialProc	36	5	4	-1	1	4	0.49	0	0	4	0.5196134876183258	2	4
1		gridTrialProc	36	5	4	-1	1	4	0.49	0	0	5	0.5844812688653878	2	4
1		gridTrialProc	36	5	4	-1	1	4	0.49	0	0	6	0.5244379069151781	2	4
1		gridTrialProc	36	5	4	-1	1	4	0.49	0	0	7	0.4273896177168466	1	4
1		gridTrialProc	36	5	4	-1	1	4	0.49	0	0	8	0.5687643645486233	1	6
1		gridSequenceEndProc	36	4	4	-1	1	4	0.49	-0.9654451705803899	-0.6632582543336365	0	0	0	0
1		gridSequenceStartProc	36	3	4	-1	1	5	0.42454545454545456	0	0	0	0	0	0
1		gridTrialProc	36	5	4	-1	1	5	0.42454545454545456	0	0	1	0.33390905767534895	1	4
1		gridTrialProc	36	5	4	-1	1	5	0.42454545454545456	0	0	2	0.5681041321092831	2	4
1		gridTrialProc	36	5	4	-1	1	5	0.42454545454545456	0	0	3	0.38142064955456023	1	4
1		gridTrialProc	36	5	4	-1	1	5	0.42454545454545456	0	0	4	0.633178599191957	1	6
1		gridTrialProc	36	5	4	-1	1	5	0.42454545454545456	0	0	5	0.4037102891427752	1	4
1		gridTrialProc	36	5	4	-1	1	5	0.42454545454545456	0	0	6	0.5714910565917771	2	4
1		gridTrialProc	36	5	4	-1	1	5	0.42454545454545456	0	0	7	0.4584974477858488	1	4
1		gridTrialProc	36	5	4	-1	1	5	0.42454545454545456	0	0	8	0.6211705545795918	1	6
1		gridSequenceEndProc	36	4	4	-1	1	5	0.42454545454545456	-0.7580980763845165	-0.6822262187438125	0	0	0	0
1		gridSequenceStartProc	36	3	4	-1	1	6	0.4027272727272727	0	0	0	0	0	0
1		gridTrialProc	36	5	4	-1	1	6	0.4027272727272727	0	0	1	0.21232305756576847	1	4
1		gridTrialProc	36	5	4	-1	1	6	0.4027272727272727	0	0	2	0.34108344506097066	1	4
1		gridTrialProc	36	5	4	-1	1	6	0.4027272727272727	0	0	3	0.4331683384288835	1	4
1		gridTrialProc	36	5	4	-1	1	6	0.4027272727272727	0	0	4	0.5493970119695406	1	6
1		gridTrialProc	36	5	4	-1	1	6	0.4027272727272727	0	0	5	0.49235192905458436	2	6
1		gridTrialProc	36	5	4	-1	1	6	0.4027272727272727	0	0	6	0.28814934415421467	2	6
1		gridTrialProc	36	5	4	-1	1	6	0.4027272727272727	0	0	7	0.4912113335780649	2	6
1		gridTrialProc	36	5	4	-1	1	6	0.4027272727272727	0	0	8	0.49792615271520746	1	4
1		gridSequenceEndProc	36	4	4	-1	1	6	0.4027272727272727	-0.5512822395918962	-0.6604022222184931	0	0	0	0
1		gridSequenceStartProc	36	3	4	-1	1	7	0.31545454545454543	0	0	0	0	0	0
1		gridTrialProc	36	5	4	-1	1	7	0.31545454545454543	0	0	1	0.21236845904908006	1	4
1		gridTrialProc	36	5	4	-1	1	7	0.31545454545454543	0	0	2	0.40991463987979815	1	4
1		gridTrialProc	36	5	4	-1	1	7	0.31545454545454543	0	0	3	0.19610434644501024	1	4
1		gridTrialProc	36	5	4	-1	1	7	0.31545454545454543	0	0	4	0.3875106992447142	1	4
1		gridTrialProc	36	5	4	-1	1	7	0.31545454545454543	0	0	5	0.2524855892530414	1	4
1		gridTrialProc	36	5	4	-1	1	7	0.31545454545454543	0	0	6	0.289753045771773	1	4
1		gridTrialProc	36	5	4	-1	1	7	0.31545454545454543	0	0	7	0.3648739985325975	2	6
1		gridTrialProc	36	5	4	-1	1	7	0.31545454545454543	0	0	8	0.33623498446619515	2	6
1		gridSequenceEndProc	36	4	4	-1	1	7	0.31545454545454543	-0.29433866744115944	-0.608107428678874	0	0	0	0
1		gridSequenceStartProc	36	3	4	-1	1	8	0.29363636363636364	0	0	0	0	0	0
1		gridTrialProc	36	5	4	-1	1	8	0.29363636363636364	0	0	1	0.2964079667038096	2	6
1		gridTrialProc	36	5	4	-1	1	8	0.29363636363636364	0	0	2	0.19115081517308652	2	6
1		gridTrialProc	36	5	4	-1	1	8	0.29363636363636364	0	0	3	0.35637534391556247	1	4
1		gridTrialProc	36	5	4	-1	1	8	0.29363636363636364	0	0	4	0.3989622977095212	2	6
1		gridTrialProc	36	5	4	-1	1	8	0.29363636363636364	0	0	5	0.2554696531585925	2	6
1		gridTrialProc	36	5	4	-1	1	8	0.29363636363636364	0	0	6	0.2195401025837302	1	4
1		gridTrialProc	36	5	4	-1	1	8	0.29363636363636364	0	0	7	0.3960436353776876	2	6
1		gridTrialProc	36	5	4	-1	1	8	0.29363636363636364	0	0	8	0.38670368052787796	2	6
1		gridSequenceEndProc	36	4	4	-1	1	8	0.29363636363636364	-0.07401687369807952	-0.5413461093062747	0	0	0	0
1		gridSequenceStartProc	36	3	4	-1	1	9	0.3590909090909091	0	0	0	0	0	0
1		gridTrialProc	36	5	4	-1	1	9	0.3590909090909091	0	0	1	0.5580902047291818	2	4
1		gridTrialProc	36	5	4	-1	1	9	0.3590909090909091	0	0	2	0.3207224249529708	1	4
1		gridTrialProc	36	5	4	-1	1	9	0.3590909090909091	0	0	3	0.24776448349515454	2	6
1		gridTrialProc	36	5	4	-1	1	9	0.3590909090909091	0	0	4	0.2633292525646052	1	4
1		gridTrialProc	36	5	4	-1	1	9	0.3590909090909091	0	0	5	0.307219616068311	1	4
1		gridTrialProc	36	5	4	-1	1	9	0.3590909090909091	0	0	6	0.47699431584566265	2	6
1		gridTrialProc	36	5	4	-1	1	9	0.3590909090909091	0	0	7	0.39261189376019157	2	6
1		gridTrialProc	36	5	4	-1	1	9	0.3590909090909091	0	0	8	0.49046993300906644	2	6
1		gridSequenceEndProc	36	4	4	-1	1	9	0.3590909090909091	-0.4840663608602327	-0.53498169281227	0	0	0	0
1		gridSequenceStartProc	36	3	4	-1	1	10	0.25	0	0	0	0	0	0
1		gridTrialProc	36	5	4	-1	1	10	0.25	0	0	1	0.19571165487810444	1	4
1		gridTrialProc	36	5	4	-1	1	10	0.25	0	0	2	0.05	1	4
1		gridTrialProc	36	5	4	-1	1	10	0.25	0	0	3	0.26976465711469355	1	4
1		gridTrialProc	36	5	4	-1	1	10	0.25	0	0	4	0.2794141505788898	2	6
1		gridTrialProc	36	5	4	-1	1	10	0.25	0	0	5	0.05	1	4
1		gridTrialProc	36	5	4	-1	1	10	0.25	0	0	6	0.29858341054536464	2	6
1		gridTrialProc	36	5	4	-1	1	10	0.25	0	0	7	0.1412700914809748	2	6
1		gridTrialProc	36	5	4	-1	1	10	0.25	0	0	8	0.29799222144145854	1	4
1		gridSequenceEndProc	36	4	4	-1	1	10	0.25	-0.04601308658944392	-0.48608483218998744	0	0	0	0
1		gridSequenceStartProc	36	3	4	-1	1	11	0.4681818181818182	0	0	0	0	0	0
1		gridTrialProc	36	5	4	-1	1	11	0.4681818181818182	0	0	1	0.5969512143015273	2	4
1		gridTrialProc	36	5	4	-1	1	11	0.4681818181818182	0	0	2	0.4142801554911294	2	6
1		gridTrialProc	36	5	4	-1	1	11	0.4681818181818182	0	0	3	0.2704415108468199	1	4
1		gridTrialProc	36	5	4	-1	1	11	0.4681818181818182	0	0	4	0.6519810955417025	2	4
1		gridTrialProc	36	5	4	-1	1	11	0.4681818181818182	0	0	5	0.4464873499539195	1	4
1		gridTrialProc	36	5	4	-1	1	11	0.4681818181818182	0	0	6	0.3776301566719993	2	6
1		gridTrialProc	36	5	4	-1	1	11	0.4681818181818182	0	0	7	0.4352618489564643	2	6
1		gridTrialProc	36	5	4	-1	1	11	0.4681818181818182	0	0	8	0.43651006446325324	2	6
1		gridSequenceEndProc	36	4	4	-1	1	11	0.4681818181818182	-0.889557513731591	-0.5227641668755877	0	0	0	0
1		gridSequenceStartProc	36	3	4	-1	1	12	0.27181818181818185	0	0	0	0	0	0
1		gridTrialProc	36	5	4	-1	1	12	0.27181818181818185	0	0	1	0.3199252089830544	1	4
1		gridTrialProc	36	5	4	-1	1	12	0.27181818181818185	0	0	2	0.21375893248421263	2	6
1		gridTrialProc	36	5	4	-1	1	12	0.27181818181818185	0	0	3	0.5035618701732961	1	6
1		gridTrialProc	36	5	4	-1	1	12	0.27181818181818185	0	0	4	0.29499723229809	2	6
1		gridTrialProc	36	5	4	-1	1	12	0.27181818181818185	0	0	5	0.23255593413888856	2	6
1		gridTrialProc	36	5	4	-1	1	12	0.27181818181818185	0	0	6	0.3247960523373431	2	6
1		gridTrialProc	36	5	4	-1	1	12	0.27181818181818185	0	0	7	0.43544344396505014	1	4
1		gridTrialProc	36	5	4	-1	1	12	0.27181818181818185	0	0	8	0.1910374461801934	2	6
1		gridSequenceEndProc	36	4	4	-1	1	12	0.27181818181818185	-0.05211958421522489	-0.48354378498722417	0	0	0	0
1		gridBlockEndProc	36	2	4	-1	1	0	0	0	0	0	0	0	0
1		gridBlockStartProc	36	1	5	-1	0	0	0	0	0	0	0	0	0
1		gridSequenceStartProc	36	3	5	-1	0	1	0.4027272727272727	0	0	0	0	0	0
1		gridTrialProc	36	5	5	-1	0	1	0.4027272727272727	0	0	1	0.42319892574843715	2	6
1		gridTrialProc	36	5	5	-1	0	1	0.4027272727272727	0	0	2	0.44009401996005376	1	4
1		gridTrialProc	36	5	5	-1	0	1	0.4027272727272727	0	0	3	0.4493819886698018	1	4
1		gridTrialProc	36	5	5	-1	0	1	0.4027272727272727	0	0	4	0.2800455859342732	1	4
1		gridTrialProc	36	5	5	-1	0	1	0.4027272727272727	0	0	5	0.43876179302859797	2	6
1		gridTrialProc	36	5	5	-1	0	1	0.4027272727272727	0	0	6	0.3133008482053175	1	4
1		gridTrialProc	36	5	5	-1	0	1	0.4027272727272727	0	0	7	0.4857701263531862	1	4
1		gridTrialProc	36	5	5	-1	0	1	0.4027272727272727	0	0	8	0.4921079362791425	1	4
1		gridSequenceEndProc	36	4	5	-1	0	1	0.4027272727272727	-0.19373475294977172	-0.19373475294977172	0	0	0	0
1		gridSequenceStartProc	36	3	5	-1	0	2	0.31545454545454543	0	0	0	0	0	0
1		gridTrialProc	36	5	5	-1	0	2	0.31545454545454543	0	0	1	0.32720472117081717	2	6
1		gridTrialProc	36	5	5	-1	0	2	0.31545454545454543	0	0	2	0.2409807540465554	1	4
1		gridTrialProc	36	5	5	-1	0	2	0.31545454545454543	0	0	3	0.2821741476431712	1	4
1		gridTrialProc	36	5	5	-1	0	2	0.31545454545454543	0	0	4	0.3781211286517852	2	6
1		gridTrialProc	36	5	5	-1	0	2	0.31545454545454543	0	0	5	0.3214599763106956	1	4
1		gridTrialProc	36	5	5	-1	0	2	0.31545454545454543	0	0	6	0.2595179641455547	1	4
1		gridTrialProc	36	5	5	-1	0	2	0.31545454545454543	0	0	7	0.3178933491315064	2	6
1		gridTrialProc	36	5	5	-1	0	2	0.31545454545454543	0	0	8	0.36718927378950267	1	4
1		gridSequenceEndProc	36	4	5	-1	0	2	0.31545454545454543	0.10922664350336686	-0.04225405472320243	0	0	0	0
1		gridSequenceStartProc	36	3	5	-1	0	3	0.3590909090909091	0	0	0	0	0	0
1		gridTrialProc	36	5	5	-1	0	3	0.3590909090909091	0	0	1	0.5075989549273282	1	6
1		gridTrialProc	36	5	5	-1	0	3	0.3590909090909091	0	0	2	0.435460612594656	2	6
1		gridTrialProc	36	5	5	-1	0	3	0.3590909090909091	0	0	3	0.5010133163635881	1	6
1		gridTrialProc	36	5	5	-1	0	3	0.3590909090909091	0	0	4	0.22841231163479936	1	4
1		gridTrialProc	36	5	5	-1	0	3	0.3590909090909091	0	0	5	0.3042007460453044	1	4
1		gridTrialProc	36	5	5	-1	0	3	0.3590909090909091	0	0	6	0.34840129781486445	2	6
1		gridTrialProc	36	5	5	-1	0	3	0.3590909090909091	0	0	7	0.32123983291827113	1	4
1		gridTrialProc	36	5	5	-1	0	3	0.3590909090909091	0	0	8	0.2996376037621456	1	4
1		gridSequenceEndProc	36	4	5	-1	0	3	0.3590909090909091	0.012502141774145326	-0.02400198922408651	0	0	0	0
1		gridSequenceStartProc	36	3	5	-1	0	4	0.44636363636363635	0	0	0	0	0	0
1		gridTrialProc	36	5	5	-1	0	4	0.44636363636363635	0	0	1	0.3309541942247377	2	6
1		gridTrialProc	36	5	5	-1	0	4	0.44636363636363635	0	0	2	0.44120840538693473	2	6
1		gridTrialProc	36	5	5	-1	0	4	0.44636363636363635	0	0	3	0.521615106843789	2	4
1		gridTrialProc	36	5	5	-1	0	4	0.44636363636363635	0	0	4	0.4278635252077006	1	4
1		gridTrialProc	36	5	5	-1	0	4	0.44636363636363635	0	0	5	0.27730640014158303	1	4
1		gridTrialProc	36	5	5	-1	0	4	0.44636363636363635	0	0	6	0.54303907055583	2	4
1		gridTrialProc	36	5	5	-1	0	4	0.44636363636363635	0	0	7	0.4868660119306899	1	4
1		gridTrialProc	36	5	5	-1	0	4	0.44636363636363635	0	0	8	0.5210561742578365	1	6
1		gridSequenceEndProc	36	4	5	-1	0	4	0.44636363636363635	-0.3619995703450197	-0.10850138450431981	0	0	0	0
1		gridSequenceStartProc	36	3	5	-1	0	5	0.3372727272727273	0	0	0	0	0	0
1		gridTrialProc	36	5	5	-1	0	5	0.3372727272727273	0	0	1	0.3395014098731169	1	4
1		gridTrialProc	36	5	5	-1	0	5	0.3372727272727273	0	0	2	0.35887785871765393	2	6
1		gridTrialProc	36	5	5	-1	0	5	0.3372727272727273	0	0	3	0.2630898378455712	2	6
1		gridTrialProc	36	5	5	-1	0	5	0.3372727272727273	0	0	4	0.29439154081082597	1	4
1		gridTrialProc	36	5	5	-1	0	5	0.3372727272727273	0	0	5	0.39518622672108816	2	6
1		gridTrialProc	36	5	5	-1	0	5	0.3372727272727273	0	0	6	0.4192624542176783	2	6
1		gridTrialProc	36	5	5	-1	0	5	0.3372727272727273	0	0	7	0.3622645306122739	1	4
1		gridTrialProc	36	5	5	-1	0	5	0.3372727272727273	0	0	8	0.22981978051341823	2	6
1		gridSequenceEndProc	36	4	5	-1	0	5	0.3372727272727273	0.0674128914096952	-0.0733185293215168	0	0	0	0
1		gridSequenceStartProc	36	3	5	-1	0	6	0.27181818181818185	0	0	0	0	0	0
1		gridTrialProc	36	5	5	-1	0	6	0.27181818181818185	0	0	1	0.4242487119369247	1	4
1		gridTrialProc	36	5	5	-1	0	6	0.27181818181818185	0	0	2	0.20786955215139674	2	6
1		gridTrialProc	36	5	5	-1	0	6	0.27181818181818185	0	0	3	0.36206132647054057	1	4
1		gridTrialProc	36	5	5	-1	0	6	0.27181818181818185	0	0	4	0.2809814739445111	2	6
1		gridTrialProc	36	5	5	-1	0	6	0.27181818181818185	0	0	5	0.2891529016215058	2	6
1		gridTrialProc	36	5	5	-1	0	6	0.27181818181818185	0	0	6	0.3394706750000217	1	4
1		gridTrialProc	36	5	5	-1	0	6	0.27181818181818185	0	0	7	0.20438545748901285	2	6
1		gridTrialProc	36	5	5	-1	0	6	0.27181818181818185	0	0	8	0.2985196160499193	2	6
1		gridSequenceEndProc	36	4	5	-1	0	6	0.27181818181818185	0.4193591913864416	0.008794424129809594	0	0	0	0
1		gridSequenceStartProc	36	3	5	-1	0	7	0.25	0	0	0	0	0	0
1		gridTrialProc	36	5	5	-1	0	7	0.25	0	0	1	0.20040086348600367	1	4
1		gridTrialProc	36	5	5	-1	0	7	0.25	0	0	2	0.18881419112515854	2	6
1		gridTrialProc	36	5	5	-1	0	7	0.25	0	0	3	0.2613602134983441	1	4
1		gridTrialProc	36	5	5	-1	0	7	0.25	0	0	4	0.3179116626490941	1	4
1		gridTrialProc	36	5	5	-1	0	7	0.25	0	0	5	0.23691549772166762	2	6
1		gridTrialProc	36	5	5	-1	0	7	0.25	0	0	6	0.29222511589100525	2	6
1		gridTrialProc	36	5	5	-1	0	7	0.25	0	0	7	0.33403265983695213	1	4
1		gridTrialProc	36	5	5	-1	0	7	0.25	0	0	8	0.29471043061933827	1	4
1		gridSequenceEndProc	36	4	5	-1	0	7	0.25	0.44235985647047316	0.07073234303561868	0	0	0	0
1		gridSequenceStartProc	36	3	5	-1	0	8	0.42454545454545456	0	0	0	0	0	0
1		gridTrialProc	36	5	5	-1	0	8	0.42454545454545456	0	0	1	0.4043929978173922	2	6
1		gridTrialProc	36	5	5	-1	0	8	0.42454545454545456	0	0	2	0.43272985231895156	2	6
1		gridTrialProc	36	5	5	-1	0	8	0.42454545454545456	0	0	3	0.4868420467912504	1	4
1		gridTrialProc	36	5	5	-1	0	8	0.42454545454545456	0	0	4	0.4528341036535479	2	6
1		gridTrialProc	36	5	5	-1	0	8	0.42454545454545456	0	0	5	0.3616698619952432	2	6
1		gridTrialProc	36	5	5	-1	0	8	0.42454545454545456	0	0	6	0.5410830017412169	2	4
1		gridTrialProc	36	5	5	-1	0	8	0.42454545454545456	0	0	7	0.3713391939924094	2	6
1		gridTrialProc	36	5	5	-1	0	8	0.42454545454545456	0	0	8	0.4865881522357732	1	4
1		gridSequenceEndProc	36	4	5	-1	0	8	0.42454545454545456	-0.31286322885169326	0.02278289654970468	0	0	0	0
1		gridSequenceStartProc	36	3	5	-1	0	9	0.4681818181818182	0	0	0	0	0	0
1		gridTrialProc	36	5	5	-1	0	9	0.4681818181818182	0	0	1	0.33018625253098804	1	4
1		gridTrialProc	36	5	5	-1	0	9	0.4681818181818182	0	0	2	0.41316521054193117	2	6
1		gridTrialProc	36	5	5	-1	0	9	0.4681818181818182	0	0	3	0.373957810492151	2	6
1		gridTrialProc	36	5	5	-1	0	9	0.4681818181818182	0	0	4	0.46371280974559353	1	4
1		gridTrialProc	36	5	5	-1	0	9	0.4681818181818182	0	0	5	0.3375910746044236	2	6
1		gridTrialProc	36	5	5	-1	0	9	0.4681818181818182	0	0	6	0.3468494874453328	1	4
1		gridTrialProc	36	5	5	-1	0	9	0.4681818181818182	0	0	7	0.510763115231024	1	6
1		gridTrialProc	36	5	5	-1	0	9	0.4681818181818182	0	0	8	0.49145296900238783	1	4
1		gridSequenceEndProc	36	4	5	-1	0	9	0.4681818181818182	-0.39939838803701977	-0.02412613507104248	0	0	0	0
1		gridSequenceStartProc	36	3	5	-1	0	10	0.29363636363636364	0	0	0	0	0	0
1		gridTrialProc	36	5	5	-1	0	10	0.29363636363636364	0	0	1	0.27562119923110534	2	6
1		gridTrialProc	36	5	5	-1	0	10	0.29363636363636364	0	0	2	0.3667939438888038	2	6
1		gridTrialProc	36	5	5	-1	0	10	0.29363636363636364	0	0	3	0.2871320382316442	2	6
1		gridTrialProc	36	5	5	-1	0	10	0.29363636363636364	0	0	4	0.15199412352880737	1	4
1		gridTrialProc	36	5	5	-1	0	10	0.29363636363636364	0	0	5	0.28163997171329264	2	6
1		gridTrialProc	36	5	5	-1	0	10	0.29363636363636364	0	0	6	0.2857962171353941	1	4
1		gridTrialProc	36	5	5	-1	0	10	0.29363636363636364	0	0	7	0.321043896758748	1	4
1		gridTrialProc	36	5	5	-1	0	10	0.29363636363636364	0	0	8	0.3499452247111967	1	4
1		gridSequenceEndProc	36	4	5	-1	0	10	0.29363636363636364	0.31097524063999105	0.009384002500060874	0	0	0	0
1		gridSequenceStartProc	36	3	5	-1	0	11	0.3809090909090909	0	0	0	0	0	0
1		gridTrialProc	36	5	5	-1	0	11	0.3809090909090909	0	0	1	0.39101505182432317	1	4
1		gridTrialProc	36	5	5	-1	0	11	0.3809090909090909	0	0	2	0.3283651443865682	1	4
1		gridTrialProc	36	5	5	-1	0	11	0.3809090909090909	0	0	3	0.3925665557929444	1	4
1		gridTrialProc	36	5	5	-1	0	11	0.3809090909090909	0	0	4	0.3739729044063777	1	4
1		gridTrialProc	36	5	5	-1	0	11	0.3809090909090909	0	0	5	0.2674277863937267	1	4
1		gridTrialProc	36	5	5	-1	0	11	0.3809090909090909	0	0	6	0.41587124817698023	1	4
1		gridTrialProc	36	5	5	-1	0	11	0.3809090909090909	0	0	7	0.4048883019539674	2	6
1		gridTrialProc	36	5	5	-1	0	11	0.3809090909090909	0	0	8	0.24700800945161563	2	6
1		gridSequenceEndProc	36	4	5	-1	0	11	0.3809090909090909	-0.10102972356181616	-0.0006536089601097669	0	0	0	0
1		gridSequenceStartProc	36	3	5	-1	0	12	0.49	0	0	0	0	0	0
1		gridTrialProc	36	5	5	-1	0	12	0.49	0	0	1	0.5416727003705157	2	4
1		gridTrialProc	36	5	5	-1	0	12	0.49	0	0	2	0.4652607758824194	2	6
1		gridTrialProc	36	5	5	-1	0	12	0.49	0	0	3	0.47963509016213485	1	4
1		gridTrialProc	36	5	5	-1	0	12	0.49	0	0	4	0.5399593271704589	1	6
1		gridTrialProc	36	5	5	-1	0	12	0.49	0	0	5	0.44364611719907004	2	6
1		gridTrialProc	36	5	5	-1	0	12	0.49	0	0	6	0.5747294401388471	1	6
1		gridTrialProc	36	5	5	-1	0	12	0.49	0	0	7	0.6282594113939117	1	6
1		gridTrialProc	36	5	5	-1	0	12	0.49	0	0	8	0.49137286510787864	1	4
1		gridSequenceEndProc	36	4	5	-1	0	12	0.49	-0.4642606479091185	-0.03928752887252716	0	0	0	0
1		gridBlockEndProc	36	2	5	-1	0	0	0	0	0	0	0	0	0
1		gridBlockStartProc	36	1	6	1	1	0	0	0	0	0	0	0	0
1		gridSequenceStartProc	36	3	6	1	1	1	0.3809090909090909	0	0	0	0	0	0
1		gridTrialProc	36	5	6	1	1	1	0.3809090909090909	0	0	1	0.3515417935093572	1	4
1		gridTrialProc	36	5	6	1	1	1	0.3809090909090909	0	0	2	0.3497902623593819	2	6
1		gridTrialProc	36	5	6	1	1	1	0.3809090909090909	0	0	3	0.4852387649393839	2	6
1		gridTrialProc	36	5	6	1	1	1	0.3809090909090909	0	0	4	0.32348224578415835	1	4
1		gridTrialProc	36	5	6	1	1	1	0.3809090909090909	0	0	5	0.34224664959043793	2	6
1		gridTrialProc	36	5	6	1	1	1	0.3809090909090909	0	0	6	0.3840208552139782	1	4
1		gridTrialProc	36	5	6	1	1	1	0.3809090909090909	0	0	7	0.48043880955307083	1	4
1		gridTrialProc	36	5	6	1	1	1	0.3809090909090909	0	0	8	0.3307735968085976	2	6
1		gridSequenceEndProc	36	4	6	1	1	1	0.3809090909090909	0.36399000587220376	0.36399000587220376	0	0	0	0
1		gridSequenceStartProc	36	3	6	1	1	2	0.31545454545454543	0	0	0	0	0	0
1		gridTrialProc	36	5	6	1	1	2	0.31545454545454543	0	0	1	0.35416856530865015	2	6
1		gridTrialProc	36	5	6	1	1	2	0.31545454545454543	0	0	2	0.3653701674851133	2	6
1		gridTrialProc	36	5	6	1	1	2	0.31545454545454543	0	0	3	0.23789340096882877	2	6
1		gridTrialProc	36	5	6	1	1	2	0.31545454545454543	0	0	4	0.35370092645718204	2	6
1		gridTrialProc	36	5	6	1	1	2	0.31545454545454543	0	0	5	0.2843649257233472	2	6
1		gridTrialProc	36	5	6	1	1	2	0.31545454545454543	0	0	6	0.29435432230906927	2	6
1		gridTrialProc	36	5	6	1	1	2	0.31545454545454543	0	0	7	0.33954791409809193	1	4
1		gridTrialProc	36	5	6	1	1	2	0.31545454545454543	0	0	8	0.3195115955732503	1	4
1		gridSequenceEndProc	36	4	6	1	1	2	0.31545454545454543	0.5977392299677465	0.48086461791997515	0	0	0	0
1		gridSequenceStartProc	36	3	6	1	1	3	0.42454545454545456	0	0	0	0	0	0
1		gridTrialProc	36	5	6	1	1	3	0.42454545454545456	0	0	1	0.4375450242942265	1	4
1		gridTrialProc	36	5	6	1	1	3	0.42454545454545456	0	0	2	0.5522114912455451	1	6
1		gridTrialProc	36	5	6	1	1	3	0.42454545454545456	0	0	3	0.45497834407961146	2	6
1		gridTrialProc	36	5	6	1	1	3	0.42454545454545456	0	0	4	0.29213139123841503	2	6
1		gridTrialProc	36	5	6	1	1	3	0.42454545454545456	0	0	5	0.5400891676344205	2	4
1		gridTrialProc	36	5	6	1	1	3	0.42454545454545456	0	0	6	0.47263452209391965	2	6
1		gridTrialProc	36	5	6	1	1	3	0.42454545454545456	0	0	7	0.43947212778009986	1	4
1		gridTrialProc	36	5	6	1	1	3	0.42454545454545456	0	0	8	0.3559172316303044	2	6
1		gridSequenceEndProc	36	4	6	1	1	3	0.42454545454545456	0.19078322252551516	0.38417081945515513	0	0	0	0
1		gridSequenceStartProc	36	3	6	1	1	4	0.4027272727272727	0	0	0	0	0	0
1		gridTrialProc	36	5	6	1	1	4	0.4027272727272727	0	0	1	0.4453523892187116	1	4
1		gridTrialProc	36	5	6	1	1	4	0.4027272727272727	0	0	2	0.44885031281895105	2	6
1		gridTrialProc	36	5	6	1	1	4	0.4027272727272727	0	0	3	0.3377953078253637	1	4
1		gridTrialProc	36	5	6	1	1	4	0.4027272727272727	0	0	4	0.3079864995660857	2	6
1		gridTrialProc	36	5	6	1	1	4	0.4027272727272727	0	0	5	0.39074044334976876	1	4
1		gridTrialProc	36	5	6	1	1	4	0.4027272727272727	0	0	6	0.3712950240319818	1	4
1		gridTrialProc	36	5	6	1	1	4	0.4027272727272727	0	0	7	0.4441025842817055	1	4
1		gridTrialProc	36	5	6	1	1	4	0.4027272727272727	0	0	8	0.41953264107190247	1	4
1		gridSequenceEndProc	36	4	6	1	1	4	0.4027272727272727	0.2051788391556708	0.33942282438028404	0	0	0	0
1		gridSequenceStartProc	36	3	6	1	1	5	0.3590909090909091	0	0	0	0	0	0
1		gridTrialProc	36	5	6	1	1	5	0.3590909090909091	0	0	1	0.45095860129338483	1	4
1		gridTrialProc	36	5	6	1	1	5	0.3590909090909091	0	0	2	0.40228006352475537	1	4
1		gridTrialProc	36	5	6	1	1	5	0.3590909090909091	0	0	3	0.3597275111928103	1	4
1		gridTrialProc	36	5	6	1	1	5	0.3590909090909091	0	0	4	0.29384590021661666	2	6
1		gridTrialProc	36	5	6	1	1	5	0.3590909090909091	0	0	5	0.3311111094641313	2	6
1		gridTrialProc	36	5	6	1	1	5	0.3590909090909091	0	0	6	0.32041076431023074	1	4
1		gridTrialProc	36	5	6	1	1	5	0.3590909090909091	0	0	7	0.25097850580659764	2	6
1		gridTrialProc	36	5	6	1	1	5	0.3590909090909091	0	0	8	0.297796838962264	1	4
1		gridSequenceEndProc	36	4	6	1	1	5	0.3590909090909091	0.4083591134561102	0.35321008219544925	0	0	0	0
1		gridSequenceStartProc	36	3	6	1	1	6	0.29363636363636364	0	0	0	0	0	0
1		gridTrialProc	36	5	6	1	1	6	0.29363636363636364	0	0	1	0.3135407519499007	1	4
1		gridTrialProc	36	5	6	1	1	6	0.29363636363636364	0	0	2	0.1931771483111624	1	4
1		gridTrialProc	36	5	6	1	1	6	0.29363636363636364	0	0	3	0.1978323473377286	1	4
1		gridTrialProc	36	5	6	1	1	6	0.29363636363636364	0	0	4	0.37315115626832185	1	4
1		gridTrialProc	36	5	6	1	1	6	0.29363636363636364	0	0	5	0.24700063044890774	1	4
1		gridTrialProc	36	5	6	1	1	6	0.29363636363636364	0	0	6	0.17307769467443868	2	6
1		gridTrialProc	36	5	6	1	1	6	0.29363636363636364	0	0	7	0.3242893421604792	1	4
1		gridTrialProc	36	5	6	1	1	6	0.29363636363636364	0	0	8	0.3838854831571492	1	4
1		gridSequenceEndProc	36	4	6	1	1	6	0.29363636363636364	0.6325697503104669	0.39977002688128555	0	0	0	0
1		gridSequenceStartProc	36	3	6	1	1	7	0.25	0	0	0	0	0	0
1		gridTrialProc	36	5	6	1	1	7	0.25	0	0	1	0.38658743039764065	2	6
1		gridTrialProc	36	5	6	1	1	7	0.25	0	0	2	0.3140619564416943	2	6
1		gridTrialProc	36	5	6	1	1	7	0.25	0	0	3	0.2350448333754343	1	4
1		gridTrialProc	36	5	6	1	1	7	0.25	0	0	4	0.2654940639461027	1	4
1		gridTrialProc	36	5	6	1	1	7	0.25	0	0	5	0.36896330050560106	2	6
1		gridTrialProc	36	5	6	1	1	7	0.25	0	0	6	0.22566413426899135	2	6
1		gridTrialProc	36	5	6	1	1	7	0.25	0	0	7	0.23510217606241315	2	6
1		gridTrialProc	36	5	6	1	1	7	0.25	0	0	8	0.16777655513234746	2	6
1		gridSequenceEndProc	36	4	6	1	1	7	0.25	0.6819939355193322	0.4400877281152922	0	0	0	0
1		gridSequenceStartProc	36	3	6	1	1	8	0.44636363636363635	0	0	0	0	0	0
1		gridTrialProc	36	5	6	1	1	8	0.44636363636363635	0	0	1	0.43489848473473053	2	6
1		gridTrialProc	36	5	6	1	1	8	0.44636363636363635	0	0	2	0.46259552877568144	2	6
1		gridTrialProc	36	5	6	1	1	8	0.44636363636363635	0	0	3	0.37981083697516277	1	4
1		gridTrialProc	36	5	6	1	1	8	0.44636363636363635	0	0	4	0.4563765835654989	1	4
1		gridTrialProc	36	5	6	1	1	8	0.44636363636363635	0	0	5	0.3295893975578361	1	4
1		gridTrialProc	36	5	6	1	1	8	0.44636363636363635	0	0	6	0.4790581096699285	1	4
1		gridTrialProc	36	5	6	1	1	8	0.44636363636363635	0	0	7	0.5519076312977859	2	4
1		gridTrialProc	36	5	6	1	1	8	0.44636363636363635	0	0	8	0.5394936505512247	1	6
1		gridSequenceEndProc	36	4	6	1	1	8	0.44636363636363635	0.05283030109401721	0.39168054973763283	0	0	0	0
1		gridSequenceStartProc	36	3	6	1	1	9	0.3372727272727273	0	0	0	0	0	0
1		gridTrialProc	36	5	6	1	1	9	0.3372727272727273	0	0	1	0.43670111222436614	1	4
1		gridTrialProc	36	5	6	1	1	9	0.3372727272727273	0	0	2	0.4394109735799928	1	4
1		gridTrialProc	36	5	6	1	1	9	0.3372727272727273	0	0	3	0.3109420161525473	2	6
1		gridTrialProc	36	5	6	1	1	9	0.3372727272727273	0	0	4	0.3110128254861335	1	4
1		gridTrialProc	36	5	6	1	1	9	0.3372727272727273	0	0	5	0.37823077218093476	1	4
1		gridTrialProc	36	5	6	1	1	9	0.3372727272727273	0	0	6	0.2241262302451115	2	6
1		gridTrialProc	36	5	6	1	1	9	0.3372727272727273	0	0	7	0.3513118693202938	1	4
1		gridTrialProc	36	5	6	1	1	9	0.3372727272727273	0	0	8	0.2635969689285332	1	4
1		gridSequenceEndProc	36	4	6	1	1	9	0.3372727272727273	0.5276545733978593	0.4067887745887691	0	0	0	0
1		gridSequenceStartProc	36	3	6	1	1	10	0.4681818181818182	0	0	0	0	0	0
1		gridTrialProc	36	5	6	1	1	10	0.4681818181818182	0	0	1	0.587035255138545	2	4
1		gridTrialProc	36	5	6	1	1	10	0.4681818181818182	0	0	2	0.4411445561512747	2	6
1		gridTrialProc	36	5	6	1	1	10	0.4681818181818182	0	0	3	0.5485701461426166	2	4
1		gridTrialProc	36	5	6	1	1	10	0.4681818181818182	0	0	4	0.43386190869854874	1	4
1		gridTrialProc	36	5	6	1	1	10	0.4681818181818182	0	0	5	0.5214574799734281	1	6
1		gridTrialProc	36	5	6	1	1	10	0.4681818181818182	0	0	6	0.4550547302012071	2	6
1		gridTrialProc	36	5	6	1	1	10	0.4681818181818182	0	0	7	0.5599805353898113	2	4
1		gridTrialProc	36	5	6	1	1	10	0.4681818181818182	0	0	8	0.4924228924650635	2	6
1		gridSequenceEndProc	36	4	6	1	1	10	0.4681818181818182	0.020509083468219558	0.36816080547671415	0	0	0	0
1		gridSequenceStartProc	36	3	6	1	1	11	0.27181818181818185	0	0	0	0	0	0
1		gridTrialProc	36	5	6	1	1	11	0.27181818181818185	0	0	1	0.3348499030962169	2	6
1		gridTrialProc	36	5	6	1	1	11	0.27181818181818185	0	0	2	0.3037914878530985	2	6
1		gridTrialProc	36	5	6	1	1	11	0.27181818181818185	0	0	3	0.285355336553846	2	6
1		gridTrialProc	36	5	6	1	1	11	0.27181818181818185	0	0	4	0.15529614401849426	1	4
1		gridTrialProc	36	5	6	1	1	11	0.27181818181818185	0	0	5	0.30917949766756025	2	6
1		gridTrialProc	36	5	6	1	1	11	0.27181818181818185	0	0	6	0.2518853382712666	1	4
1		gridTrialProc	36	5	6	1	1	11	0.27181818181818185	0	0	7	0.33825408589122336	2	6
1		gridTrialProc	36	5	6	1	1	11	0.27181818181818185	0	0	8	0.32926823451898746	1	4
1		gridSequenceEndProc	36	4	6	1	1	11	0.27181818181818185	0.6773575020686708	0.39626959607598294	0	0	0	0
1		gridSequenceStartProc	36	3	6	1	1	12	0.49	0	0	0	0	0	0
1		gridTrialProc	36	5	6	1	1	12	0.49	0	0	1	0.4967238818370577	1	4
1		gridTrialProc	36	5	6	1	1	12	0.49	0	0	2	0.4711411740365351	2	6
1		gridTrialProc	36	5	6	1	1	12	0.49	0	0	3	0.52643416799621	2	4
1		gridTrialProc	36	5	6	1	1	12	0.49	0	0	4	0.49912653387864286	1	4
1		gridTrialProc	36	5	6	1	1	12	0.49	0	0	5	0.5962648820424823	1	6
1		gridTrialProc	36	5	6	1	1	12	0.49	0	0	6	0.4305879384609525	1	4
1		gridTrialProc	36	5	6	1	1	12	0.49	0	0	7	0.5972280795561218	1	6
1		gridTrialProc	36	5	6	1	1	12	0.49	0	0	8	0.651543699633938	2	4
1		gridSequenceEndProc	36	4	6	1	1	12	0.49	-0.07483594632961488	0.3570108008755164	0	0	0	0
1		gridBlockEndProc	36	2	6	1	1	0	0	0	0	0	0	0	0
1		gridBlockStartProc	36	1	7	-1	1	0	0	0	0	0	0	0	0
1		gridSequenceStartProc	36	3	7	-1	1	1	0.25	0	0	0	0	0	0
1		gridTrialProc	36	5	7	-1	1	1	0.25	0	0	1	0.2285671565215285	2	6
1		gridTrialProc	36	5	7	-1	1	1	0.25	0	0	2	0.11482245651872217	2	6
1		gridTrialProc	36	5	7	-1	1	1	0.25	0	0	3	0.30405061464436894	1	4
1		gridTrialProc	36	5	7	-1	1	1	0.25	0	0	4	0.24111390949259354	1	4
1		gridTrialProc	36	5	7	-1	1	1	0.25	0	0	5	0.25126217115975436	2	6
1		gridTrialProc	36	5	7	-1	1	1	0.25	0	0	6	0.2582561042999881	1	4
1		gridTrialProc	36	5	7	-1	1	1	0.25	0	0	7	0.33413952085848747	1	4
1		gridTrialProc	36	5	7	-1	1	1	0.25	0	0	8	0.26513459978021153	1	4
1		gridSequenceEndProc	36	4	7	-1	1	1	0.25	0.024778393950169897	0.024778393950169897	0	0	0	0
1		gridSequenceStartProc	36	3	7	-1	1	2	0.4027272727272727	0	0	0	0	0	0
1		gridTrialProc	36	5	7	-1	1	2	0.4027272727272727	0	0	1	0.41592340212507095	1	4
1		gridTrialProc	36	5	7	-1	1	2	0.4027272727272727	0	0	2	0.172983227908722	2	6
1		gridTrialProc	36	5	7	-1	1	2	0.4027272727272727	0	0	3	0.43141926321013746	2	6
1		gridTrialProc	36	5	7	-1	1	2	0.4027272727272727	0	0	4	0.3346548950255845	2	6
1		gridTrialProc	36	5	7	-1	1	2	0.4027272727272727	0	0	5	0.4085383928543988	1	4
1		gridTrialProc	36	5	7	-1	1	2	0.4027272727272727	0	0	6	0.43854093861272286	2	6
1		gridTrialProc	36	5	7	-1	1	2	0.4027272727272727	0	0	7	0.2736087294239921	1	4
1		gridTrialProc	36	5	7	-1	1	2	0.4027272727272727	0	0	8	0.30686744332170013	2	6
1		gridSequenceEndProc	36	4	7	-1	1	2	0.4027272727272727	-0.4281036404053533	-0.2016626232275917	0	0	0	0
1		gridSequenceStartProc	36	3	7	-1	1	3	0.42454545454545456	0	0	0	0	0	0
1		gridTrialProc	36	5	7	-1	1	3	0.42454545454545456	0	0	1	0.4391745407668213	1	4
1		gridTrialProc	36	5	7	-1	1	3	0.42454545454545456	0	0	2	0.41571067451967864	2	6
1		gridTrialProc	36	5	7	-1	1	3	0.42454545454545456	0	0	3	0.5326086964189142	2	4
1		gridTrialProc	36	5	7	-1	1	3	0.42454545454545456	0	0	4	0.42138974544911967	2	6
1		gridTrialProc	36	5	7	-1	1	3	0.42454545454545456	0	0	5	0.28952544163494437	1	4
1		gridTrialProc	36	5	7	-1	1	3	0.42454545454545456	0	0	6	0.3308061294381282	2	6
1		gridTrialProc	36	5	7	-1	1	3	0.42454545454545456	0	0	7	0.5399468863188612	2	4
1		gridTrialProc	36	5	7	-1	1	3	0.42454545454545456	0	0	8	0.37478920963566925	2	6
1		gridSequenceEndProc	36	4	7	-1	1	3	0.42454545454545456	-0.5840587242128796	-0.3291279902226877	0	0	0	0
1		gridSequenceStartProc	36	3	7	-1	1	4	0.31545454545454543	0	0	0	0	0	0
1		gridTrialProc	36	5	7	-1	1	4	0.31545454545454543	0	0	1	0.2602544512856096	1	4
1		gridTrialProc	36	5	7	-1	1	4	0.31545454545454543	0	0	2	0.30093238164948	1	4
1		gridTrialProc	36	5	7	-1	1	4	0.31545454545454543	0	0	3	0.44226687002638865	1	4
1		gridTrialProc	36	5	7	-1	1	4	0.31545454545454543	0	0	4	0.1962848789035801	1	4
1		gridTrialProc	36	5	7	-1	1	4	0.31545454545454543	0	0	5	0.35305155878021804	2	6
1		gridTrialProc	36	5	7	-1	1	4	0.31545454545454543	0	0	6	0.3990533731592454	1	4
1		gridTrialProc	36	5	7	-1	1	4	0.31545454545454543	0	0	7	0.2919881303017381	1	4
1		gridTrialProc	36	5	7	-1	1	4	0.31545454545454543	0	0	8	0.3635764500153264	2	6
1		gridSequenceEndProc	36	4	7	-1	1	4	0.31545454545454543	-0.1936120507059128	-0.29524900534349396	0	0	0	0
1		gridSequenceStartProc	36	3	7	-1	1	5	0.44636363636363635	0	0	0	0	0	0
1		gridTrialProc	36	5	7	-1	1	5	0.44636363636363635	0	0	1	0.4340900074081232	1	4
1		gridTrialProc	36	5	7	-1	1	5	0.44636363636363635	0	0	2	0.43991704209191995	2	6
1		gridTrialProc	36	5	7	-1	1	5	0.44636363636363635	0	0	3	0.4718947984207308	1	4
1		gridTrialProc	36	5	7	-1	1	5	0.44636363636363635	0	0	4	0.33434382917955013	2	6
1		gridTrialProc	36	5	7	-1	1	5	0.44636363636363635	0	0	5	0.49198439544017997	2	6
1		gridTrialProc	36	5	7	-1	1	5	0.44636363636363635	0	0	6	0.48660948631233164	2	6
1		gridTrialProc	36	5	7	-1	1	5	0.44636363636363635	0	0	7	0.5495495129802676	2	4
1		gridTrialProc	36	5	7	-1	1	5	0.44636363636363635	0	0	8	0.4664425060011516	2	6
1		gridSequenceEndProc	36	4	7	-1	1	5	0.44636363636363635	-0.6558391501791887	-0.3673670343106329	0	0	0	0
1		gridSequenceStartProc	36	3	7	-1	1	6	0.27181818181818185	0	0	0	0	0	0
1		gridTrialProc	36	5	7	-1	1	6	0.27181818181818185	0	0	1	0.3179222274610095	2	6
1		gridTrialProc	36	5	7	-1	1	6	0.27181818181818185	0	0	2	0.3294655115539504	2	6
1		gridTrialProc	36	5	7	-1	1	6	0.27181818181818185	0	0	3	0.2547450618672388	1	4
1		gridTrialProc	36	5	7	-1	1	6	0.27181818181818185	0	0	4	0.281618076488428	2	6
1		gridTrialProc	36	5	7	-1	1	6	0.27181818181818185	0	0	5	0.3182849570171684	1	4
1		gridTrialProc	36	5	7	-1	1	6	0.27181818181818185	0	0	6	0.28306086855176255	2	6
1		gridTrialProc	36	5	7	-1	1	6	0.27181818181818185	0	0	7	0.18551359591123875	1	4
1		gridTrialProc	36	5	7	-1	1	6	0.27181818181818185	0	0	8	0.1856191061898953	1	4
1		gridSequenceEndProc	36	4	7	-1	1	6	0.27181818181818185	-0.12181967245834535	-0.32644247400191834	0	0	0	0
1		gridSequenceStartProc	36	3	7	-1	1	7	0.4681818181818182	0	0	0	0	0	0
1		gridTrialProc	36	5	7	-1	1	7	0.4681818181818182	0	0	1	0.49000167455303134	2	6
1		gridTrialProc	36	5	7	-1	1	7	0.4681818181818182	0	0	2	0.6071957446165909	1	6
1		gridTrialProc	36	5	7	-1	1	7	0.4681818181818182	0	0	3	0.4168039896262159	1	4
1		gridTrialProc	36	5	7	-1	1	7	0.4681818181818182	0	0	4	0.3676618631545339	2	6
1		gridTrialProc	36	5	7	-1	1	7	0.4681818181818182	0	0	5	0.4494918457569708	2	6
1		gridTrialProc	36	5	7	-1	1	7	0.4681818181818182	0	0	6	0.44829717910690015	1	4
1		gridTrialProc	36	5	7	-1	1	7	0.4681818181818182	0	0	7	0.46762746885472545	1	4
1		gridTrialProc	36	5	7	-1	1	7	0.4681818181818182	0	0	8	0.45048096865591153	1	4
1		gridSequenceEndProc	36	4	7	-1	1	7	0.4681818181818182	-0.7022514853525836	-0.38012947562344196	0	0	0	0
1		gridSequenceStartProc	36	3	7	-1	1	8	0.49	0	0	0	0	0	0
1		gridTrialProc	36	5	7	-1	1	8	0.49	0	0	1	0.44717170113795823	1	4
1		gridTrialProc	36	5	7	-1	1	8	0.49	0	0	2	0.39025738527078396	2	6
1		gridTrialProc	36	5	7	-1	1	8	0.49	0	0	3	0.41819469322895086	1	4
1		gridTrialProc	36	5	7	-1	1	8	0.49	0	0	4	0.4251089421135292	2	6
1		gridTrialProc	36	5	7	-1	1	8	0.49	0	0	5	0.5280909890742798	1	6
1		gridTrialProc	36	5	7	-1	1	8	0.49	0	0	6	0.5706461096113098	1	6
1		gridTrialProc	36	5	7	-1	1	8	0.49	0	0	7	0.4310493527137751	2	6
1		gridTrialProc	36	5	7	-1	1	8	0.49	0	0	8	0.4983660279634405	1	4
1		gridSequenceEndProc	36	4	7	-1	1	8	0.49	-0.8091508056959079	-0.43375714188250014	0	0	0	0
1		gridSequenceStartProc	36	3	7	-1	1	9	0.29363636363636364	0	0	0	0	0	0
1		gridTrialProc	36	5	7	-1	1	9	0.29363636363636364	0	0	1	0.38652542978915855	1	4
1		gridTrialProc	36	5	7	-1	1	9	0.29363636363636364	0	0	2	0.4236470032181783	1	4
1		gridTrialProc	36	5	7	-1	1	9	0.29363636363636364	0	0	3	0.4156551055905925	2	6
1		gridTrialProc	36	5	7	-1	1	9	0.29363636363636364	0	0	4	0.2711011540564965	1	4
1		gridTrialProc	36	5	7	-1	1	9	0.29363636363636364	0	0	5	0.5109410049199837	1	6
1		gridTrialProc	36	5	7	-1	1	9	0.29363636363636364	0	0	6	0.2739467709565125	2	6
1		gridTrialProc	36	5	7	-1	1	9	0.29363636363636364	0	0	7	0.3597218207840507	1	4
1		gridTrialProc	36	5	7	-1	1	9	0.29363636363636364	0	0	8	0.3748691977786216	1	4
1		gridSequenceEndProc	36	4	7	-1	1	9	0.29363636363636364	-0.1676950649939477	-0.4041946888948832	0	0	0	0
1		gridSequenceStartProc	36	3	7	-1	1	10	0.3590909090909091	0	0	0	0	0	0
1		gridTrialProc	36	5	7	-1	1	10	0.3590909090909091	0	0	1	0.28620325493328874	1	4
1		gridTrialProc	36	5	7	-1	1	10	0.3590909090909091	0	0	2	0.35586102303387607	1	4
1		gridTrialProc	36	5	7	-1	1	10	0.3590909090909091	0	0	3	0.32587195475799674	2	6
1		gridTrialProc	36	5	7	-1	1	10	0.3590909090909091	0	0	4	0.43326850978988285	2	6
1		gridTrialProc	36	5	7	-1	1	10	0.3590909090909091	0	0	5	0.45119531713953914	1	4
1		gridTrialProc	36	5	7	-1	1	10	0.3590909090909091	0	0	6	0.25150601645034587	2	6
1		gridTrialProc	36	5	7	-1	1	10	0.3590909090909091	0	0	7	0.38873527643952005	2	6
1		gridTrialProc	36	5	7	-1	1	10	0.3590909090909091	0	0	8	0.3374321093161308	2	6
1		gridSequenceEndProc	36	4	7	-1	1	10	0.3590909090909091	-0.32633818028866446	-0.3964090380342613	0	0	0	0
1		gridSequenceStartProc	36	3	7	-1	1	11	0.3809090909090909	0	0	0	0	0	0
1		gridTrialProc	36	5	7	-1	1	11	0.3809090909090909	0	0	1	0.4576144155337679	2	6
1		gridTrialProc	36	5	7	-1	1	11	0.3809090909090909	0	0	2	0.41818295383303666	1	4
1		gridTrialProc	36	5	7	-1	1	11	0.3809090909090909	0	0	3	0.39326946844550126	2	6
1		gridTrialProc	36	5	7	-1	1	11	0.3809090909090909	0	0	4	0.27187530577091223	1	4
1		gridTrialProc	36	5	7	-1	1	11	0.3809090909090909	0	0	5	0.2958172818133484	2	6
1		gridTrialProc	36	5	7	-1	1	11	0.3809090909090909	0	0	6	0.3901858236536442	1	4
1		gridTrialProc	36	5	7	-1	1	11	0.3809090909090909	0	0	7	0.2193755277919108	2	6
1		gridTrialProc	36	5	7	-1	1	11	0.3809090909090909	0	0	8	0.3218221241426863	1	4
1		gridSequenceEndProc	36	4	7	-1	1	11	0.3809090909090909	-0.4163053745249571	-0.39821779589705186	0	0	0	0
1		gridSequenceStartProc	36	3	7	-1	1	12	0.3372727272727273	0	0	0	0	0	0
1		gridTrialProc	36	5	7	-1	1	12	0.3372727272727273	0	0	1	0.24143386029586666	1	4
1		gridTrialProc	36	5	7	-1	1	12	0.3372727272727273	0	0	2	0.27431717864672395	2	6
1		gridTrialProc	36	5	7	-1	1	12	0.3372727272727273	0	0	3	0.3687079255103347	2	6
1		gridTrialProc	36	5	7	-1	1	12	0.3372727272727273	0	0	4	0.32432358756040486	2	6
1		gridTrialProc	36	5	7	-1	1	12	0.3372727272727273	0	0	5	0.43608759149872034	2	6
1		gridTrialProc	36	5	7	-1	1	12	0.3372727272727273	0	0	6	0.3367451914309475	1	4
1		gridTrialProc	36	5	7	-1	1	12	0.3372727272727273	0	0	7	0.299581247748209	1	4
1		gridTrialProc	36	5	7	-1	1	12	0.3372727272727273	0	0	8	0.2880494969804913	2	6
1		gridSequenceEndProc	36	4	7	-1	1	12	0.3372727272727273	-0.3075992181128324	-0.39066624774836695	0	0	0	0
1		gridBlockEndProc	36	2	7	-1	1	0	0	0	0	0	0	0	0
1		gridBlockStartProc	36	1	8	1	0	0	0	0	0	0	0	0	0
1		gridSequenceStartProc	36	3	8	1	0	1	0.44636363636363635	0	0	0	0	0	0
1		gridTrialProc	36	5	8	1	0	1	0.44636363636363635	0	0	1	0.3652966398306862	2	6
1		gridTrialProc	36	5	8	1	0	1	0.44636363636363635	0	0	2	0.48675717699540033	1	4
1		gridTrialProc	36	5	8	1	0	1	0.44636363636363635	0	0	3	0.3818894085332044	1	4
1		gridTrialProc	36	5	8	1	0	1	0.44636363636363635	0	0	4	0.3640439258828385	1	4
1		gridTrialProc	36	5	8	1	0	1	0.44636363636363635	0	0	5	0.4043606049083529	1	4
1		gridTrialProc	36	5	8	1	0	1	0.44636363636363635	0	0	6	0.4499204918580719	2	6
1		gridTrialProc	36	5	8	1	0	1	0.44636363636363635	0	0	7	0.3408205785979132	2	6
1		gridTrialProc	36	5	8	1	0	1	0.44636363636363635	0	0	8	0.4128076465720853	2	6
1		gridSequenceEndProc	36	4	8	1	0	1	0.44636363636363635	-0.39337489690506106	-0.39337489690506106	0	0	0	0
1		gridSequenceStartProc	36	3	8	1	0	2	0.4681818181818182	0	0	0	0	0	0
1		gridTrialProc	36	5	8	1	0	2	0.4681818181818182	0	0	1	0.4817329716422302	1	4
1		gridTrialProc	36	5	8	1	0	2	0.4681818181818182	0	0	2	0.46605576678164085	1	4
1		gridTrialProc	36	5	8	1	0	2	0.4681818181818182	0	0	3	0.503894973033964	2	4
1		gridTrialProc	36	5	8	1	0	2	0.4681818181818182	0	0	4	0.4184595620488398	2	6
1		gridTrialProc	36	5	8	1	0	2	0.4681818181818182	0	0	5	0.5260969911896978	1	6
1		gridTrialProc	36	5	8	1	0	2	0.4681818181818182	0	0	6	0.4378719866025498	1	4
1		gridTrialProc	36	5	8	1	0	2	0.4681818181818182	0	0	7	0.5457626281588721	1	6
1		gridTrialProc	36	5	8	1	0	2	0.4681818181818182	0	0	8	0.4658968635740004	2	6
1		gridSequenceEndProc	36	4	8	1	0	2	0.4681818181818182	-0.3971054023006831	-0.39524014960287207	0	0	0	0
1		gridSequenceStartProc	36	3	8	1	0	3	0.29363636363636364	0	0	0	0	0	0
1		gridTrialProc	36	5	8	1	0	3	0.29363636363636364	0	0	1	0.32738433426861147	2	6
1		gridTrialProc	36	5	8	1	0	3	0.29363636363636364	0	0	2	0.19487587626789787	2	6
1		gridTrialProc	36	5	8	1	0	3	0.29363636363636364	0	0	3	0.19710051481169721	1	4
1		gridTrialProc	36	5	8	1	0	3	0.29363636363636364	0	0	4	0.21627120843494452	2	6
1		gridTrialProc	36	5	8	1	0	3	0.29363636363636364	0	0	5	0.22595404131856883	1	4
1		gridTrialProc	36	5	8	1	0	3	0.29363636363636364	0	0	6	0.2608406080315748	2	6
1		gridTrialProc	36	5	8	1	0	3	0.29363636363636364	0	0	7	0.3066779438453325	2	6
1		gridTrialProc	36	5	8	1	0	3	0.29363636363636364	0	0	8	0.1695256113556553	1	4
1		gridSequenceEndProc	36	4	8	1	0	3	0.29363636363636364	0.29639362550921516	-0.164695557898843	0	0	0	0
1		gridSequenceStartProc	36	3	8	1	0	4	0.3590909090909091	0	0	0	0	0	0
1		gridTrialProc	36	5	8	1	0	4	0.3590909090909091	0	0	1	0.4704148242344036	2	6
1		gridTrialProc	36	5	8	1	0	4	0.3590909090909091	0	0	2	0.25386380170573236	2	6
1		gridTrialProc	36	5	8	1	0	4	0.3590909090909091	0	0	3	0.2803532245006527	2	6
1		gridTrialProc	36	5	8	1	0	4	0.3590909090909091	0	0	4	0.35511366487395	2	6
1		gridTrialProc	36	5	8	1	0	4	0.3590909090909091	0	0	5	0.36066525093894214	2	6
1		gridTrialProc	36	5	8	1	0	4	0.3590909090909091	0	0	6	0.284521420063803	1	4
1		gridTrialProc	36	5	8	1	0	4	0.3590909090909091	0	0	7	0.5637639723416241	1	6
1		gridTrialProc	36	5	8	1	0	4	0.3590909090909091	0	0	8	0.45455480417938043	2	6
1		gridSequenceEndProc	36	4	8	1	0	4	0.3590909090909091	0.13908064827424987	-0.08875150635556978	0	0	0	0
1		gridSequenceStartProc	36	3	8	1	0	5	0.3809090909090909	0	0	0	0	0	0
1		gridTrialProc	36	5	8	1	0	5	0.3809090909090909	0	0	1	0.43238566265088146	2	6
1		gridTrialProc	36	5	8	1	0	5	0.3809090909090909	0	0	2	0.3249382243991513	2	6
1		gridTrialProc	36	5	8	1	0	5	0.3809090909090909	0	0	3	0.27884276364772664	2	6
1		gridTrialProc	36	5	8	1	0	5	0.3809090909090909	0	0	4	0.19864982807953882	1	4
1		gridTrialProc	36	5	8	1	0	5	0.3809090909090909	0	0	5	0.3439329187369381	1	4
1		gridTrialProc	36	5	8	1	0	5	0.3809090909090909	0	0	6	0.30975670008441347	2	6
1		gridTrialProc	36	5	8	1	0	5	0.3809090909090909	0	0	7	0.355602772963247	1	4
1		gridTrialProc	36	5	8	1	0	5	0.3809090909090909	0	0	8	0.34106873948024413	2	6
1		gridSequenceEndProc	36	4	8	1	0	5	0.3809090909090909	0.0035285075711465885	-0.0702955035702265	0	0	0	0
1		gridSequenceStartProc	36	3	8	1	0	6	0.27181818181818185	0	0	0	0	0	0
1		gridTrialProc	36	5	8	1	0	6	0.27181818181818185	0	0	1	0.2863543069305228	2	6
1		gridTrialProc	36	5	8	1	0	6	0.27181818181818185	0	0	2	0.3592206779234243	1	4
1		gridTrialProc	36	5	8	1	0	6	0.27181818181818185	0	0	3	0.2840073202998187	1	4
1		gridTrialProc	36	5	8	1	0	6	0.27181818181818185	0	0	4	0.210626603330576	1	4
1		gridTrialProc	36	5	8	1	0	6	0.27181818181818185	0	0	5	0.30429199568215265	2	6
1		gridTrialProc	36	5	8	1	0	6	0.27181818181818185	0	0	6	0.25081586376491255	1	4
1		gridTrialProc	36	5	8	1	0	6	0.27181818181818185	0	0	7	0.35178408243916637	1	4
1		gridTrialProc	36	5	8	1	0	6	0.27181818181818185	0	0	8	0.2243544971237268	2	6
1		gridSequenceEndProc	36	4	8	1	0	6	0.27181818181818185	0.4385062882346286	0.014504795063916017	0	0	0	0
1		gridSequenceStartProc	36	3	8	1	0	7	0.42454545454545456	0	0	0	0	0	0
1		gridTrialProc	36	5	8	1	0	7	0.42454545454545456	0	0	1	0.481807029249667	2	6
1		gridTrialProc	36	5	8	1	0	7	0.42454545454545456	0	0	2	0.4895220763394161	1	4
1		gridTrialProc	36	5	8	1	0	7	0.42454545454545456	0	0	3	0.5112091176815604	1	6
1		gridTrialProc	36	5	8	1	0	7	0.42454545454545456	0	0	4	0.4978093300754399	2	6
1		gridTrialProc	36	5	8	1	0	7	0.42454545454545456	0	0	5	0.39608019406255185	1	4
1		gridTrialProc	36	5	8	1	0	7	0.42454545454545456	0	0	6	0.35017698670610886	2	6
1		gridTrialProc	36	5	8	1	0	7	0.42454545454545456	0	0	7	0.36271343119395827	2	6
1		gridTrialProc	36	5	8	1	0	7	0.42454545454545456	0	0	8	0.49602885344099484	1	4
1		gridSequenceEndProc	36	4	8	1	0	7	0.42454545454545456	-0.2580924002260548	-0.02443766140607981	0	0	0	0
1		gridSequenceStartProc	36	3	8	1	0	8	0.25	0	0	0	0	0	0
1		gridTrialProc	36	5	8	1	0	8	0.25	0	0	1	0.35580029952450665	2	6
1		gridTrialProc	36	5	8	1	0	8	0.25	0	0	2	0.09630738711333747	2	6
1		gridTrialProc	36	5	8	1	0	8	0.25	0	0	3	0.25485542144293555	1	4
1		gridTrialProc	36	5	8	1	0	8	0.25	0	0	4	0.30696486950192187	1	4
1		gridTrialProc	36	5	8	1	0	8	0.25	0	0	5	0.20025664446538965	2	6
1		gridTrialProc	36	5	8	1	0	8	0.25	0	0	6	0.27920372867518006	1	4
1		gridTrialProc	36	5	8	1	0	8	0.25	0	0	7	0.2843126252850472	1	4
1		gridTrialProc	36	5	8	1	0	8	0.25	0	0	8	0.16554802473182947	2	6
1		gridSequenceEndProc	36	4	8	1	0	8	0.25	0.5011248330122788	0.04125765039621501	0	0	0	0
1		gridSequenceStartProc	36	3	8	1	0	9	0.49	0	0	0	0	0	0
1		gridTrialProc	36	5	8	1	0	9	0.49	0	0	1	0.46893422824959113	2	6
1		gridTrialProc	36	5	8	1	0	9	0.49	0	0	2	0.4052933546853642	2	6
1		gridTrialProc	36	5	8	1	0	9	0.49	0	0	3	0.5694769372258606	2	4
1		gridTrialProc	36	5	8	1	0	9	0.49	0	0	4	0.37605827486935856	1	4
1		gridTrialProc	36	5	8	1	0	9	0.49	0	0	5	0.433622763423806	1	4
1		gridTrialProc	36	5	8	1	0	9	0.49	0	0	6	0.45043498495286144	1	4
1		gridTrialProc	36	5	8	1	0	9	0.49	0	0	7	0.4939543265707221	1	4
1		gridTrialProc	36	5	8	1	0	9	0.49	0	0	8	0.4881216261273657	1	4
1		gridSequenceEndProc	36	4	8	1	0	9	0.49	-0.42713262125864876	-0.010785713120992073	0	0	0	0
1		gridSequenceStartProc	36	3	8	1	0	10	0.31545454545454543	0	0	0	0	0	0
1		gridTrialProc	36	5	8	1	0	10	0.31545454545454543	0	0	1	0.47594753182070587	1	4
1		gridTrialProc	36	5	8	1	0	10	0.31545454545454543	0	0	2	0.40755641260531716	2	6
1		gridTrialProc	36	5	8	1	0	10	0.31545454545454543	0	0	3	0.25654963698593614	2	6
1		gridTrialProc	36	5	8	1	0	10	0.31545454545454543	0	0	4	0.18826276335586223	1	4
1		gridTrialProc	36	5	8	1	0	10	0.31545454545454543	0	0	5	0.33212391782421513	2	6
1		gridTrialProc	36	5	8	1	0	10	0.31545454545454543	0	0	6	0.5046972212301453	1	6
1		gridTrialProc	36	5	8	1	0	10	0.31545454545454543	0	0	7	0.21351967967999627	1	4
1		gridTrialProc	36	5	8	1	0	10	0.31545454545454543	0	0	8	0.3692366701579721	2	6
1		gridSequenceEndProc	36	4	8	1	0	10	0.31545454545454543	0.2811932451535431	0.018412182706461444	0	0	0	0
1		gridSequenceStartProc	36	3	8	1	0	11	0.4027272727272727	0	0	0	0	0	0
1		gridTrialProc	36	5	8	1	0	11	0.4027272727272727	0	0	1	0.45765289031333944	1	4
1		gridTrialProc	36	5	8	1	0	11	0.4027272727272727	0	0	2	0.39233537402691976	1	4
1		gridTrialProc	36	5	8	1	0	11	0.4027272727272727	0	0	3	0.24736648986735243	1	4
1		gridTrialProc	36	5	8	1	0	11	0.4027272727272727	0	0	4	0.3506505737435091	2	6
1		gridTrialProc	36	5	8	1	0	11	0.4027272727272727	0	0	5	0.3140229464043405	2	6
1		gridTrialProc	36	5	8	1	0	11	0.4027272727272727	0	0	6	0.3770364614089156	2	6
1		gridTrialProc	36	5	8	1	0	11	0.4027272727272727	0	0	7	0.23573719213275607	2	6
1		gridTrialProc	36	5	8	1	0	11	0.4027272727272727	0	0	8	0.3486654372494842	1	4
1		gridSequenceEndProc	36	4	8	1	0	11	0.4027272727272727	-0.007819254010484944	0.016027506641284498	0	0	0	0
1		gridSequenceStartProc	36	3	8	1	0	12	0.3372727272727273	0	0	0	0	0	0
1		gridTrialProc	36	5	8	1	0	12	0.3372727272727273	0	0	1	0.21719348344575265	1	4
1		gridTrialProc	36	5	8	1	0	12	0.3372727272727273	0	0	2	0.3553289566361828	1	4
1		gridTrialProc	36	5	8	1	0	12	0.3372727272727273	0	0	3	0.3836153898870721	1	4
1		gridTrialProc	36	5	8	1	0	12	0.3372727272727273	0	0	4	0.5218521392905406	2	4
1		gridTrialProc	36	5	8	1	0	12	0.3372727272727273	0	0	5	0.31507203303433756	1	4
1		gridTrialProc	36	5	8	1	0	12	0.3372727272727273	0	0	6	0.2144143937147755	1	4
1		gridTrialProc	36	5	8	1	0	12	0.3372727272727273	0	0	7	0.4201509833983339	1	4
1		gridTrialProc	36	5	8	1	0	12	0.3372727272727273	0	0	8	0.3551749762184503	2	6
1		gridSequenceEndProc	36	4	8	1	0	12	0.3372727272727273	0.22731878690913787	0.03363511333027228	0	0	0	0
1		gridBlockEndProc	36	2	8	1	0	0	0	0	0	0	0	0	0
